index,Brand,Model,Type,Gender,Size,Color,Material,Price (USD),Number of Items Sold,Selling Price,City
0,Nike,Air Jordan 1,Basketball,Men,US 10,Red/Black,Leather,$170.00 ,67,$289.99,Turin
1,Adidas,Ultra Boost 21,Running,Men,US 9.5,Black,Primeknit,$180.00 ,42,$259.99,Milan
2,Reebok,Classic Leather,Casual,Men,US 11,White,Leather,$75.00 ,53,$99.99,Naples
3,Converse,Chuck Taylor,Casual,Women,US 8,Navy,Canvas,$55.00 ,48,$109.99,Genoa
4,Puma,Future Rider,Lifestyle,Women,US 7.5,Pink,Mesh,$80.00 ,42,$189.99,Turin
5,Vans,Old Skool,Skate,Men,US 8.5,Black/White,Suede/Canvas,$65.00 ,13,$169.99,Milan
6,New Balance,990v5,Running,Women,US 6.5,Grey,Suede/Mesh,$175.00 ,94,$229.99,Rome
7,Asics,Gel-Kayano 28,Running,Men,US 10.5,Blue,Mesh,$160.00 ,96,$239.99,Naples
8,Fila,Disruptor II,Fashion,Women,US 9,White,Leather/Synthetic,$65.00 ,59,$159.99,Catania
9,Skechers,Go Run Razor 3,Running,Men,US 9,Black,Mesh,$110.00 ,6,$279.99,Florence
10,Nike,Air Max 270,Running,Women,US 7,Pink,Mesh,$150.00 ,82,$189.99,Genoa
11,Adidas,Stan Smith,Casual,Men,US 9,White/Green,Leather,$80.00 ,69,$179.99,Bologna
12,Reebok,Club C 85,Casual,Women,US 8.5,Pink,Leather,$70.00 ,81,$229.99,Catania
13,Converse,One Star,Skate,Men,US 10,Black,Suede,$75.00 ,47,$199.99,Naples
14,Puma,RS-Fast,Lifestyle,Men,US 9.5,Yellow,Leather/Synthetic,$110.00 ,34,$179.99,Bologna
15,Vans,Authentic,Skate,Women,US 6,White,Canvas,$50.00 ,54,$269.99,Naples
16,New Balance,Fresh Foam 1080v11,Running,Men,US 11.5,Blue,Mesh,$150.00 ,55,$269.99,Catania
17,Asics,Gel-Nimbus 23,Running,Women,US 8,Purple,Mesh,$150.00 ,6,$189.99,Bari
18,Fila,Ray Tracer,Fashion,Men,US 10,Black,Synthetic,$70.00 ,38,$289.99,Rome
19,Skechers,Arch Fit,Walking,Women,US 7.5,Grey,Mesh,$70.00 ,99,$149.99,Rome
20,Nike,Air Force 1,Casual,Men,US 10,White,Leather,$90.00 ,93,$209.99,Bologna
21,Adidas,NMD_R1,Running,Women,US 8.5,Black/Pink,Primeknit,$140.00 ,14,$289.99,Naples
22,Reebok,Zig Kinetica II,Running,Men,US 11,White,Mesh,$120.00 ,24,$219.99,Bari
23,Converse,Jack Purcell,Casual,Women,US 7.5,Navy,Canvas,$65.00 ,19,$89.99,Genoa
24,Puma,Calibrate Runner,Running,Men,US 9.5,Black,Mesh,$80.00 ,98,$109.99,Florence
25,Vans,Sk8-Hi,Skate,Women,US 8,Black/White,Suede/Canvas,$70.00 ,47,$109.99,Catania
26,New Balance,327,Lifestyle,Men,US 10,Blue/Orange,Suede/Mesh,$90.00 ,5,$279.99,Catania
27,Asics,Gel-Quantum 180,Running,Women,US 9,Grey,Mesh/Synthetic,$120.00 ,61,$189.99,Rome
28,Fila,Mindblower,Fashion,Men,US 8.5,White,Leather/Synthetic,$75.00 ,62,$269.99,Rome
29,Skechers,D'Lites,Walking,Women,US 7,Black,Synthetic,$65.00 ,82,$169.99,Florence
30,Nike,Air Max 2090,Running,Men,US 9,Grey,Mesh,$150.00 ,95,$289.99,Bari
31,Adidas,Adizero Adios 5,Running,Women,US 7.5,Blue,Mesh,$170.00 ,38,$259.99,Milan
32,Reebok,Nano 9,Cross-training,Men,US 10,Black,Mesh/Synthetic,$130.00 ,100,$269.99,Milan
33,Converse,Chuck 70,Casual,Women,US 9,Pink,Canvas,$85.00 ,97,$149.99,Naples
34,Puma,Future Rider Play,Lifestyle,Men,US 9,Black/Red,Synthetic,$90.00 ,39,$209.99,Bologna
35,Vans,Slip-On,Skate,Women,US 7,Checkered,Canvas,$50.00 ,82,$79.99,Bari
36,New Balance,574,Casual,Men,US 9,Black/Grey,Suede/Textile,$80.00 ,47,$229.99,Naples
37,Asics,Gel-Kayano 27,Running,Women,US 8.5,Purple,Mesh/Synthetic,$160.00 ,98,$249.99,Florence
38,Fila,Venom,Fashion,Men,US 9.5,White/Red,Leather/Synthetic,$65.00 ,30,$119.99,Catania
39,Skechers,Go Walk 5,Walking,Women,US 7.5,Black,Mesh,$60.00 ,64,$159.99,Turin
40,Nike,Air Force 1,Casual,Men,US 11,White,Leather,$90.00 ,69,$179.99,Palermo
41,Adidas,NMD_R1,Running,Women,US 9,Black,Knit,$140.00 ,7,$259.99,Naples
42,Reebok,Zig Kinetica II,Running,Men,US 9.5,White,Mesh,$120.00 ,5,$179.99,Turin
43,Converse,Jack Purcell,Casual,Men,US 10,White,Canvas,$65.00 ,13,$89.99,Turin
44,Puma,Suede Classic,Casual,Women,US 8.5,Beige,Suede,$65.00 ,72,$259.99,Bologna
45,Vans,Sk8-Hi,Skate,Men,US 8,Black/White,Suede/Canvas,$70.00 ,43,$119.99,Catania
46,New Balance,327,Casual,Women,US 7.5,Orange,Suede/Mesh,$100.00 ,95,$189.99,Rome
47,Asics,Gel-Kayano 28,Running,Women,US 7,White,Mesh,$160.00 ,60,$279.99,Florence
48,Fila,Original Fitness,Casual,Men,US 11,White/Navy,Leather,$70.00 ,67,$209.99,Bari
49,Skechers,Go Walk 5,Walking,Women,US 8,Black,Mesh,$60.00 ,71,$229.99,Rome
50,Nike,Free RN 5.0,Running,Men,US 10,Grey,Mesh,$100.00 ,37,$179.99,Milan
51,Adidas,Adilette Cloudfoam,Slides,Women,US 6,Black,Synthetic,$35.00 ,89,$289.99,Bologna
52,Reebok,Nano 9,Crossfit,Men,US 10.5,Black,Mesh,$130.00 ,17,$229.99,Naples
53,Converse,Chuck 70,Casual,Women,US 7.5,Pink,Canvas,$85.00 ,38,$169.99,Genoa
54,Puma,Clyde All Pro,Basketball,Men,US 9.5,Black/Red,Leather,$130.00 ,16,$209.99,Catania
55,Vans,Era,Skate,Women,US 6.5,White,Canvas,$55.00 ,29,$239.99,Bologna
56,New Balance,Fresh Foam More v2,Running,Men,US 12,Black/Grey,Mesh,$165.00 ,22,$199.99,Milan
57,Asics,GT-2000 10,Running,Women,US 7,Blue,Mesh,$120.00 ,77,$179.99,Turin
58,Fila,Mindblower,Casual,Men,US 9.5,White/Blue,Leather/Synthetic,$75.00 ,17,$279.99,Palermo
59,Skechers,Dynamight 2.0,Training,Women,US 9,Black,Mesh,$50.00 ,30,$229.99,Florence
60,Nike,Air Force 1,Basketball,Men,US 11,White,Leather,$90.00 ,97,$149.99,Naples
61,Adidas,NMD_R1,Lifestyle,Women,US 7,Pink,Primeknit,$130.00 ,46,$199.99,Florence
62,Reebok,Nano X1,Training,Men,US 9,Black,Knit,$130.00 ,50,$289.99,Rome
63,Converse,Chuck 70,Casual,Women,US 8.5,Yellow,Canvas,$85.00 ,24,$269.99,Genoa
64,Puma,Clyde All-Pro,Basketball,Men,US 10,Red,Leather,$130.00 ,19,$229.99,Palermo
65,Vans,Sk8-Hi,Skate,Women,US 7,Black,Suede,$70.00 ,39,$189.99,Turin
66,New Balance,Fresh Foam 1080v11,Running,Women,US 8,Green,Mesh,$150.00 ,49,$169.99,Palermo
67,Asics,Gel-Quantum 360,Running,Men,US 11,Blue,Mesh,$170.00 ,86,$239.99,Rome
68,Fila,D-Formation,Casual,Women,US 8.5,White,Leather,$65.00 ,60,$109.99,Milan
69,Skechers,Max Cushioning,Running,Men,US 8.5,Black,Mesh,$90.00 ,46,$199.99,Turin
70,Nike,Air Max 90,Lifestyle,Women,US 6,Grey,Leather,$120.00 ,35,$239.99,Catania
71,Adidas,Yeezy Boost 350,Lifestyle,Men,US 10,Black,Primeknit,$220.00 ,72,$229.99,Bologna
72,Reebok,Classic Nylon,Casual,Women,US 7.5,Pink,Nylon,$65.00 ,14,$249.99,Catania
73,Converse,Jack Purcell,Casual,Men,US 9,White,Canvas,$65.00 ,84,$149.99,Turin
74,Puma,Calibrate Runner,Running,Women,US 9,Grey,Mesh,$120.00 ,71,$259.99,Genoa
75,Vans,Era,Skate,Men,US 9.5,Red,Canvas,$50.00 ,15,$279.99,Rome
76,New Balance,FuelCell Echo,Running,Women,US 7,Pink,Mesh,$100.00 ,73,$179.99,Rome
77,Asics,GT-2000 9,Running,Men,US 10.5,Black,Mesh,$120.00 ,31,$189.99,Naples
78,Fila,Original Fitness,Casual,Women,US 7,White,Leather,$60.00 ,31,$179.99,Rome
79,Skechers,Elite Flex,Walking,Men,US 10,Navy,Mesh,$65.00 ,72,$79.99,Genoa
80,Nike,Blazer Low,Lifestyle,Women,US 7.5,White,Leather,$85.00 ,8,$119.99,Bologna
81,Nike,Air Force 1,Basketball,Men,US 10,White,Leather,$90.00 ,48,$129.99,Florence
82,Adidas,NMD_R1,Lifestyle,Men,US 8.5,Black,Primeknit,$140.00 ,58,$169.99,Florence
83,Reebok,Nano X1,Training,Women,US 7.5,Grey,Flexweave,$130.00 ,54,$219.99,Bologna
84,Converse,Jack Purcell,Casual,Men,US 9,White,Canvas,$65.00 ,80,$109.99,Genoa
85,Puma,Clyde All-Pro,Basketball,Men,US 11,Red/White,Leather,$120.00 ,42,$209.99,Genoa
86,Vans,SK8-Hi,Skate,Women,US 6,Black,Suede/Canvas,$70.00 ,85,$159.99,Genoa
87,New Balance,574,Casual,Men,US 10,Navy,Suede/Mesh,$80.00 ,50,$259.99,Turin
88,Asics,Gel-Lyte III NS,Casual,Women,US 8,Pink,Mesh,$100.00 ,34,$219.99,Turin
89,Fila,Mindblower,Fashion,Men,US 9.5,White,Leather/Synthetic,$75.00 ,15,$99.99,Palermo
90,Skechers,Max Cushioning,Running,Women,US 7,Black,Mesh,$75.00 ,43,$179.99,Genoa
91,Nike,React Infinity Run Flyknit 2,Running,Men,US 9.5,Blue,Flyknit,$160.00 ,18,$189.99,Catania
92,Adidas,Harden Stepback,Basketball,Men,US 12,Grey,Synthetic,$80.00 ,50,$239.99,Palermo
93,Reebok,Classic Nylon,Casual,Women,US 7.5,Black,Nylon,$65.00 ,10,$289.99,Rome
94,Converse,Chuck 70,Casual,Men,US 8,Yellow,Canvas,$85.00 ,74,$159.99,Catania
95,Puma,Calibrate Runner,Running,Men,US 10.5,Black/Yellow,Mesh,$80.00 ,63,$139.99,Bologna
96,Vans,Era,Skate,Women,US 7,Green,Canvas,$55.00 ,57,$219.99,Turin
97,New Balance,FuelCell Propel V3,Running,Women,US 6.5,Purple,Mesh,$100.00 ,59,$129.99,Rome
98,Asics,Gel-Kayano 28 Lite-Show,Running,Men,US 11,Black,Mesh,$170.00 ,44,$199.99,Rome
99,Fila,Trailblazer,Fashion,Women,US 8,White/Pink,Leather,$65.00 ,15,$129.99,Florence
100,Skechers,Summits - Quick Getaway,Walking,Men,US 9,Grey,Mesh,$60.00 ,99,$199.99,Naples
101,Nike,Air Zoom Tempo NEXT% FlyEase,Running,Women,US 8.5,White,Mesh,$200.00 ,39,$219.99,Turin
102,Nike,React Infinity Run 2,Running,Women,US 7.5,Grey,Mesh,$160.00 ,2,$189.99,Milan
103,Adidas,Superstar,Casual,Men,US 8.5,Black/White,Leather,$80.00 ,82,$119.99,Bari
104,Reebok,Zig Kinetica Horizon,Running,Women,US 6.5,Blue,Mesh,$120.00 ,54,$239.99,Bari
105,Converse,Chuck 70,Casual,Men,US 9,White,Canvas,$85.00 ,36,$119.99,Florence
106,Puma,Cali Sport,Lifestyle,Women,US 9.5,White,Leather,$90.00 ,77,$199.99,Milan
107,Vans,Sk8-Hi,Skate,Men,US 10,Black/White,Suede/Canvas,$70.00 ,10,$209.99,Catania
108,New Balance,990v5,Running,Men,US 9.5,Grey,Suede/Mesh,$175.00 ,100,$239.99,Rome
109,Asics,Gel-Venture 8,Trail,Women,US 8.5,Blue,Mesh,$70.00 ,36,$299.99,Palermo
110,Fila,Mindblower,Fashion,Men,US 11,White,Synthetic,$75.00 ,73,$279.99,Turin
111,Skechers,Go Run Mojo,Running,Women,US 7,Black,Mesh,$60.00 ,73,$269.99,Turin
112,Nike,Air Zoom Pegasus 38,Running,Men,US 11,Black,Mesh,$120.00 ,83,$289.99,Turin
113,Adidas,Ultraboost 5.0 DNA,Running,Women,US 8.5,Grey,Primeknit,$180.00 ,81,$269.99,Bologna
114,Reebok,Classic Leather Legacy,Casual,Men,US 9.5,White,Leather,$80.00 ,80,$129.99,Milan
115,Converse,Jack Purcell,Casual,Women,US 6,Navy,Canvas,$65.00 ,64,$199.99,Milan
116,Puma,RS-Fast Tech,Lifestyle,Men,US 9.5,Black/Red,Synthetic,$110.00 ,15,$219.99,Rome
117,Vans,Era,Skate,Women,US 7.5,Black/White,Canvas,$50.00 ,12,$249.99,Genoa
118,New Balance,Fresh Foam Roav,Running,Men,US 10,Red,Mesh,$80.00 ,18,$109.99,Bologna
119,Asics,GT-2000 10,Running,Women,US 9,Black,Mesh,$120.00 ,7,$159.99,Catania
120,Fila,Original Fitness,Fashion,Men,US 10,White,Leather,$60.00 ,2,$299.99,Palermo
121,Skechers,Max Cushioning Elite,Walking,Women,US 8,Navy,Mesh,$80.00 ,58,$169.99,Naples
122,Nike,Air Force 1 '07,Basketball,Men,US 11,White,Leather,$90.00 ,81,$259.99,Turin
123,Adidas,NMD_R1,Running,Women,US 8,Pink,Primeknit,$140.00 ,98,$239.99,Milan
124,Reebok,Nano 9,Training,Men,US 9.5,Black/White,Mesh,$130.00 ,3,$159.99,Genoa
125,Converse,Jack Purcell,Casual,Women,US 7.5,White,Canvas,$65.00 ,51,$259.99,Florence
126,Puma,Calibrate Runner,Running,Men,US 10,Black/Grey,Mesh/Synthetic,$90.00 ,77,$219.99,Bologna
127,Vans,Sk8-Hi,Skate,Women,US 9,Black/White,Canvas,$65.00 ,55,$189.99,Florence
128,New Balance,FuelCell Rebel v2,Running,Men,US 9.5,Blue/White,Mesh,$130.00 ,70,$209.99,Milan
129,Asics,Gel-Kinsei OG,Running,Women,US 7.5,White/Grey,Mesh/Leather,$180.00 ,36,$299.99,Rome
130,Fila,Spaghetti,Fashion,Men,US 8,White/Navy,Leather/Synthetic,$65.00 ,97,$289.99,Catania
131,Skechers,Go Walk 5,Walking,Women,US 6.5,Black,Mesh,$60.00 ,78,$69.99,Florence
132,Nike,ZoomX Invincible Run,Running,Men,US 11,Black,Mesh/Synthetic,$180.00 ,90,$279.99,Florence
133,Adidas,Ultraboost DNA,Running,Women,US 8,Grey,Primeknit,$180.00 ,31,$219.99,Rome
134,Reebok,Classic Nylon,Casual,Men,US 10.5,Black,Nylon,$60.00 ,93,$79.99,Turin
135,Converse,Run Star Hike,Casual,Women,US 8,Cream,Canvas,$110.00 ,99,$249.99,Bari
136,Puma,Suede Classic+,Casual,Men,US 8,Red/White,Suede,$65.00 ,30,$159.99,Turin
137,Vans,Era,Skate,Women,US 7.5,Green,Canvas,$50.00 ,63,$79.99,Naples
138,New Balance,Fresh Foam More v3,Running,Men,US 11,Black/Grey,Mesh/Synthetic,$165.00 ,9,$199.99,Florence
139,Asics,Gel-Quantum 90 3,Running,Women,US 9,Pink,Mesh/Synthetic,$90.00 ,44,$119.99,Florence
140,Fila,Original Fitness,Casual,Men,US 9.5,White/Navy/Red,Leather,$60.00 ,73,$119.99,Catania
141,Skechers,Go Run Mojo Pep,Running,Women,US 8.5,Black/White,Mesh,$55 ,77,$219.99,Bologna
142,Nike,Air Force 1,Casual,Men,US 11,White,Leather,$90.00 ,92,$169.99,Florence
143,Adidas,NMD_R1,Running,Women,US 8.5,Pink,Primeknit,$130.00 ,72,$209.99,Bari
144,Reebok,Zig Kinetica II,Running,Men,US 9,Blue,Mesh,$120.00 ,93,$299.99,Rome
145,Converse,Chuck 70,Casual,Women,US 7,Black,Canvas,$85.00 ,38,$129.99,Florence
146,Puma,Clyde All-Pro,Basketball,Men,US 10,White,Leather,$130.00 ,40,$289.99,Turin
147,Vans,Sk8-Hi,Skate,Women,US 9,Black/White,Suede/Canvas,$65.00 ,13,$289.99,Palermo
148,New Balance,574 Classic,Casual,Men,US 10.5,Grey,Suede/Mesh,$80.00 ,14,$199.99,Bologna
149,Asics,Gel-Quantum 90 3,Running,Women,US 7.5,Black,Mesh,$70.00 ,20,$79.99,Palermo
150,Fila,Mindblower,Fashion,Men,US 11,Grey,Leather/Synthetic,$75.00 ,95,$179.99,Rome
151,Skechers,Max Cushioning Premier,Running,Women,US 7.5,Pink,Mesh,$90.00 ,46,$99.99,Bologna
152,Nike,Blazer Mid '77,Casual,Men,US 9.5,White,Leather,$100.00 ,30,$109.99,Milan
153,Adidas,Superstar,Casual,Women,US 7.5,Black/White,Leather,$85.00 ,71,$229.99,Catania
154,Reebok,DMX Thrill,Running,Men,US 10,Black,Mesh,$70.00 ,18,$99.99,Bari
155,Converse,Jack Purcell,Casual,Women,US 8.5,White,Canvas,$65.00 ,48,$99.99,Catania
156,Puma,Calibrate Runner,Running,Men,US 9.5,Black/Yellow,Mesh,$140.00 ,16,$199.99,Naples
157,Vans,Slip-On,Skate,Women,US 6.5,Checkered,Canvas,$50.00 ,62,$69.99,Bari
158,New Balance,Fresh Foam Beacon V3,Running,Men,US 11,Blue,Mesh,$120.00 ,50,$269.99,Turin
159,Asics,Gel-Venture 8,Trail,Women,US 9.5,Grey,Mesh,$70.00 ,16,$149.99,Bari
160,Fila,F-13,Fashion,Men,US 10,White,Leather,$70.00 ,38,$269.99,Florence
161,Skechers,Equalizer 4.0,Training,Women,US 8.5,Black,Mesh,$65.00 ,73,$139.99,Turin
162,Nike,KD13,Basketball,Men,US 11,Blue,Mesh,$150.00 ,100,$229.99,Genoa
163,Nike,React Infinity Run Flyknit 2,Running,Women,US 9.5,Black/White,Flyknit,$160.00 ,5,$209.99,Genoa
164,Adidas,NMD_R1,Lifestyle,Men,US 11.5,Grey,Primeknit,$140.00 ,62,$239.99,Rome
165,Reebok,Aztrek 96,Casual,Women,US 8.5,Yellow/Black,Leather/Synthetic,$90.00 ,28,$269.99,Florence
166,Converse,Jack Purcell,Casual,Men,US 9,Navy/White,Canvas,$70.00 ,38,$179.99,Naples
167,Puma,Calibrate Runner,Running,Men,US 10,Black,Mesh,$100.00 ,10,$279.99,Turin
168,Vans,Sk8-Hi,Skate,Women,US 7.5,Black/White,Suede/Canvas,$65.00 ,22,$239.99,Palermo
169,New Balance,327,Casual,Men,US 10,Green,Suede/Leather,$90.00 ,49,$219.99,Palermo
170,Asics,GT-2000 10,Running,Women,US 8,Blue,Mesh,$120.00 ,44,$149.99,Palermo
171,Fila,Trailblazer,Fashion,Men,US 9,White/Grey,Leather,$85.00 ,7,$249.99,Milan
172,Skechers,Max Cushioning Premier,Running,Women,US 7,Grey/Pink,Mesh,$105.00 ,82,$159.99,Catania
173,Nike,Blazer Mid '77,Casual,Men,US 8.5,Green,Leather,$100.00 ,6,$199.99,Florence
174,Adidas,Ultraboost 6.0,Running,Women,US 7.5,Black/White,Primeknit,$180.00 ,10,$299.99,Florence
175,Reebok,Classic Nylon,Casual,Men,US 11.5,Blue/White,Nylon,$60.00 ,59,$99.99,Palermo
176,Converse,Pro Leather,Casual,Women,US 9.5,White/Green,Leather,$75.00 ,53,$189.99,Turin
177,Puma,Clyde All-Pro,Basketball,Men,US 9.5,Black,Leather/Synthetic,$130.00 ,89,$149.99,Bari
178,Vans,Era 95 DX,Skate,Women,US 6.5,Black/White,Canvas,$65.00 ,87,$289.99,Palermo
179,New Balance,Fresh Foam More v3,Running,Men,US 10,Black/Grey,Mesh,$165.00 ,1,$219.99,Turin
180,Asics,Gel-Quantum 360 6,Running,Women,US 9,Grey/Green,Mesh,$180.00 ,1,$249.99,Florence
181,Fila,Spaghetti,Basketball,Men,US 10.5,White,Leather,$75.00 ,14,$289.99,Bari
182,Skechers,Uno Bold Move,Casual,Women,US 8.5,Black/White,Synthetic,$70.00 ,30,$199.99,Florence
183,Nike,Air Force 1,Basketball,Men,US 10,White,Leather,$100.00 ,72,$209.99,Turin
184,Adidas,NMD_R1,Lifestyle,Women,US 8,Grey,Primeknit,$140.00 ,71,$229.99,Milan
185,Reebok,Nano X1,Training,Men,US 9.5,Black,Knit,$130.00 ,86,$169.99,Milan
186,Converse,Jack Purcell,Casual,Women,US 6.5,Navy,Canvas,$65.00 ,66,$209.99,Genoa
187,Puma,Calibrate Runner,Running,Men,US 11,Black,Mesh,$80.00 ,64,$259.99,Catania
188,Vans,Sk8-Hi,Skate,Women,US 7.5,Black/White,Canvas/Suede,$70.00 ,14,$89.99,Genoa
189,New Balance,327,Lifestyle,Men,US 10,Beige,Suede/Mesh,$100.00 ,45,$289.99,Milan
190,Asics,Gel-Excite 8,Running,Women,US 9,Pink,Mesh,$75.00 ,92,$269.99,Milan
191,Fila,Memory Fresh 2,Walking,Men,US 10,White,Synthetic,$60.00 ,2,$249.99,Turin
192,Skechers,Energy Burst,Running,Women,US 8,Black,Mesh,$70.00 ,67,$169.99,Bari
193,Nike,Flyknit Trainer,Running,Men,US 10,Black/White,Flyknit,$150.00 ,93,$289.99,Rome
194,Adidas,Ultraboost 4.0,Running,Women,US 7,Blue,Primeknit,$180.00 ,82,$229.99,Florence
195,Reebok,Floatride Energy,Running,Men,US 10.5,Grey,Mesh,$100.00 ,78,$299.99,Turin
196,Converse,Chuck 70 High,Casual,Women,US 9,Pink,Canvas,$85.00 ,69,$289.99,Palermo
197,Puma,Clyde All-Pro,Basketball,Men,US 9,White,Leather,$130.00 ,24,$199.99,Florence
198,Vans,Era,Skate,Women,US 8.5,Black,Canvas,$50.00 ,71,$179.99,Bari
199,New Balance,Fresh Foam Beacon v3,Running,Men,US 12,Blue,Mesh,$120.00 ,80,$169.99,Turin
200,Asics,Gel-Kayano 27,Running,Women,US 8.5,Black,Mesh,$160.00 ,72,$189.99,Turin
201,Fila,Trailblazer,Fashion,Men,US 11,Black,Leather,$75.00 ,54,$229.99,Turin
202,Skechers,Equalizer 4.0,Walking,Women,US 7,Grey,Mesh,$60.00 ,61,$79.99,Palermo
203,Nike,Blazer Mid '77,Casual,Men,US 9.5,White/Red/Navy,Leather,$100.00 ,8,$239.99,Bologna
204,Adidas,Superstar,Casual,Women,US 7.5,White/Black,Leather,$80.00 ,92,$259.99,Catania
205,Reebok,Zig Kinetica,Running,Men,US 11.5,White/Black,Mesh,$120.00 ,86,$279.99,Bari
206,Converse,Jack Purcell,Casual,Men,US 8.5,White/Navy,Canvas,$70.00 ,27,$79.99,Rome
207,Puma,Suede Classic,Casual,Women,US 8.5,Pink,Suede,$65.00 ,86,$129.99,Naples
208,Vans,Sk8-Hi,Skate,Men,US 10,Black/White,Canvas,$70.00 ,52,$219.99,Genoa
209,New Balance,Fresh Foam More,Running,Women,US 9,Grey/Purple,Mesh,$165.00 ,2,$209.99,Rome
210,Asics,Gel-Kayano 27,Running,Men,US 10.5,Black/Green,Mesh,$160.00 ,61,$259.99,Florence
211,Fila,Trailblazer,Fashion,Women,US 7,Cream,Synthetic,$75.00 ,85,$189.99,Florence
212,Skechers,D'Lites Fresh Start,Walking,Men,US 9.5,White/Black,Leather,$70.00 ,3,$209.99,Naples
213,Nike,Air Force 1,Casual,Women,US 8.5,White/Red,Leather,$90.00 ,85,$109.99,Rome
214,Adidas,NMD_R1,Casual,Men,US 9,Black/White,Primeknit,$130.00 ,50,$269.99,Catania
215,Reebok,Club C 85 MU,Casual,Men,US 11,White/Black,Leather,$75.00 ,46,$129.99,Naples
216,Converse,Chuck 70,Casual,Women,US 8.5,Cream,Canvas,$85.00 ,9,$199.99,Florence
217,Puma,Calibrate Runner,Running,Men,US 8.5,Black/Blue,Mesh,$120.00 ,71,$129.99,Genoa
218,Vans,Era,Skate,Women,US 7,Pink/White,Canvas,$50.00 ,71,$239.99,Turin
219,New Balance,FuelCell Propel v2,Running,Men,US 9,Blue/Green,Mesh,$100.00 ,90,$299.99,Bari
220,Asics,Gel-Cumulus 23,Running,Women,US 8.5,Pink/White,Mesh,$120.00 ,52,$129.99,Catania
221,Fila,Mindblower,Fashion,Men,US 10,White/Black,Synthetic,$75.00 ,8,$189.99,Naples
222,Nike,Air Force 1,Casual,Men,US 11,White,Leather,$90.00 ,12,$129.99,Florence
223,Adidas,NMD_R1,Lifestyle,Women,US 8,Pink,Primeknit,$140.00 ,97,$269.99,Naples
224,Reebok,Nano X1,Training,Men,US 9.5,Grey,Knit,$130.00 ,98,$209.99,Naples
225,Converse,All Star Hi,Casual,Women,US 7,Black,Canvas,$60.00 ,56,$239.99,Milan
226,Puma,Calibrate Runner,Running,Men,US 10.5,Blue,Mesh,$90.00 ,55,$149.99,Bologna
227,Vans,Sk8-Hi,Skate,Women,US 6,Red/White,Canvas,$70.00 ,83,$89.99,Bologna
228,New Balance,327,Lifestyle,Men,US 8.5,Green,Suede/Mesh,$100.00 ,82,$159.99,Rome
229,Asics,Gel-Quantum 180,Running,Women,US 7.5,Grey,Mesh,$120.00 ,59,$209.99,Milan
230,Fila,Mindblower,Fashion,Men,US 9,White,Leather,$70.00 ,47,$89.99,Milan
231,Skechers,Max Cushioning,Walking,Women,US 9,Black,Mesh,$75.00 ,32,$209.99,Bari
232,Nike,React Infinity Run Flyknit,Running,Men,US 12,Black,Flyknit,$160.00 ,6,$269.99,Genoa
233,Adidas,Adilette Comfort,Slides,Women,US 6,Black,Synthetic,$35.00 ,81,$129.99,Bari
234,Reebok,Classic Nylon,Casual,Men,US 10,Grey,Nylon,$65.00 ,93,$179.99,Turin
235,Converse,Chuck 70,Casual,Women,US 8,Cream,Canvas,$85.00 ,47,$299.99,Turin
236,Puma,RS-X3 Puzzle,Lifestyle,Men,US 8.5,Black/Yellow,Synthetic,$110.00 ,11,$149.99,Bari
237,Vans,Era,Skate,Women,US 7,Pink,Canvas,$55.00 ,42,$159.99,Rome
238,New Balance,990v4,Running,Men,US 9.5,Grey,Suede/Mesh,$175.00 ,72,$279.99,Bari
239,Asics,GT-2000 10,Running,Women,US 9,Blue,Mesh,$120.00 ,47,$259.99,Palermo
240,Fila,D-Formation,Fashion,Men,US 11,White,Leather,$65.00 ,65,$199.99,Bologna
241,Skechers,Equalizer 4.0,Training,Women,US 8.5,Black,Knit,$70.00 ,84,$119.99,Rome
242,Nike,Air Zoom Pegasus 38,Running,Men,US 10.5,Blue,Mesh,$120.00 ,86,$159.99,Genoa
243,Nike,Air Force 1 '07,Basketball,Men,US 11,White,Leather,$90.00 ,20,$169.99,Rome
244,Adidas,Yeezy Boost 350 V2,Fashion,Men,US 9,Zebra,Primeknit,$220.00 ,44,$279.99,Catania
245,Reebok,Nano X1 Adventure,Training,Men,US 10,Khaki,Textile/Leather,$130.00 ,6,$189.99,Milan
246,Converse,Jack Purcell Low,Casual,Women,US 7.5,Pink,Canvas,$65.00 ,38,$119.99,Genoa
247,Puma,Clyde All-Pro,Basketball,Men,US 10.5,Black/White,Leather/Suede,$130.00 ,72,$239.99,Palermo
248,Vans,Sk8-Hi,Skate,Women,US 9,Checkerboard,Canvas,$70.00 ,44,$199.99,Bari
249,New Balance,Fresh Foam Hierro v6,Trail,Men,US 9.5,Grey/Yellow,Synthetic/Mesh,$135.00 ,26,$189.99,Florence
250,Asics,Gel-Quantum 180 5,Running,Women,US 8,Pink,Mesh,$120.00 ,4,$299.99,Catania
251,Fila,D-Formation,Fashion,Men,US 11,Black,Leather,$65.00 ,34,$269.99,Catania
252,Skechers,Arch Fit Refine,Walking,Women,US 6.5,Navy,Mesh,$65.00 ,63,$89.99,Bari
253,Nike,Air Zoom Pegasus 38,Running,Men,US 12,Blue,Mesh,$120.00 ,39,$159.99,Turin
254,Adidas,NMD_R1,Casual,Women,US 8.5,Pink,Primeknit,$130.00 ,63,$149.99,Milan
255,Reebok,Floatride Energy 3,Running,Men,US 9,Black,Mesh,$100.00 ,82,$209.99,Catania
256,Converse,Chuck 70 High,Casual,Men,US 12,Green,Canvas,$85.00 ,91,$229.99,Florence
257,Puma,Calibrate Runner,Running,Women,US 9,White,Mesh,$90.00 ,75,$239.99,Catania
258,Vans,Era,Skate,Men,US 8.5,Black,Canvas,$50.00 ,15,$259.99,Milan
259,New Balance,FuelCell Rebel v2,Running,Women,US 7.5,Orange,Mesh,$130.00 ,96,$159.99,Rome
260,Asics,Gel-Cumulus 23,Running,Men,US 11,Grey,Mesh,$120.00 ,99,$269.99,Palermo
261,Fila,Mindblower,Fashion,Women,US 7,White,Leather/Synthetic,$65.00 ,30,$139.99,Milan
262,Skechers,GOrun Mojo 2.0,Running,Men,US 8,Black,Mesh,$60.00 ,14,$269.99,Milan
263,Nike,Air Force 1,Basketball,Men,US 11,White,Leather,$90.00 ,71,$149.99,Turin
264,Adidas,NMD_R1,Running,Women,US 8.5,Pink,Knit,$140.00 ,71,$259.99,Catania
265,Reebok,ZigWild Trail 7,Trail,Men,US 9.5,Black,Mesh/Synthetic,$110.00 ,12,$139.99,Milan
266,Converse,Jack Purcell,Casual,Women,US 7,Blue,Canvas,$65.00 ,47,$269.99,Florence
267,Puma,Calibrate Runner,Running,Men,US 10,Grey,Mesh,$90.00 ,6,$199.99,Bologna
268,Vans,SK8-Hi,Skate,Women,US 6.5,Black/White,Canvas/Leather,$70.00 ,62,$229.99,Florence
269,New Balance,FuelCell Rebel v2,Running,Women,US 7,White/Pink,Mesh,$110.00 ,64,$249.99,Palermo
270,Asics,Gel-Kahana 8,Running,Men,US 8,Grey,Mesh,$85.00 ,32,$259.99,Rome
271,Fila,Mindblower,Fashion,Women,US 7.5,White/Pink,Leather/Synthetic,$65.00 ,73,$199.99,Genoa
272,Skechers,Max Cushioning,Running,Men,US 11,Black,Mesh,$85.00 ,16,$219.99,Catania
273,Nike,Air Max 2090,Running,Men,US 12,Black,Mesh/Synthetic,$150.00 ,2,$289.99,Turin
274,Adidas,Superstar,Casual,Women,US 9.5,White/Black,Leather,$85.00 ,88,$169.99,Turin
275,Reebok,Nano 9,Training,Men,US 10,Blue,Synthetic,$130.00 ,68,$199.99,Naples
276,Converse,Pro Leather,Casual,Men,US 9.5,White/Green,Leather,$80.00 ,98,$179.99,Genoa
277,Puma,RS-X³,Lifestyle,Women,US 8.5,Pink,Mesh,$110.00 ,91,$199.99,Catania
278,Vans,Slip-On,Casual,Men,US 10.5,Black/White,Canvas,$50.00 ,52,$69.99,Catania
279,New Balance,Fresh Foam More v3,Running,Men,US 12,Black/Grey,Mesh,$165.00 ,29,$269.99,Bari
280,Asics,GT-1000 9,Running,Women,US 6.5,Blue,Mesh,$90.00 ,24,$269.99,Bologna
281,Fila,T1 Mid,Casual,Men,US 11,White,Leather,$65.00 ,15,$189.99,Catania
282,Skechers,Go Walk 5,Walking,Women,US 8.5,Black,Mesh,$60.00 ,26,$279.99,Naples
283,Nike,Blazer Mid '77,Casual,Men,US 8.5,Green,Leather,$100.00 ,46,$299.99,Palermo
284,Nike,Air Force 1,Casual,Men,US 9.5,White,Leather,$90.00 ,83,$289.99,Rome
285,Adidas,NMD_R1,Lifestyle,Women,US 7,Black/Pink,Knit,$140.00 ,93,$249.99,Palermo
286,Reebok,Nano X1,Crossfit,Men,US 10,Black,Mesh,$130.00 ,15,$259.99,Genoa
287,Converse,Chuck 70,Casual,Women,US 8.5,Ivory,Canvas,$85.00 ,44,$119.99,Milan
288,Puma,Calibrate,Running,Men,US 8.5,Grey,Mesh,$130.00 ,87,$169.99,Naples
289,Vans,SK8-Hi,Skate,Men,US 9.5,Black/White,Canvas,$70.00 ,68,$159.99,Milan
290,New Balance,574,Casual,Women,US 7,Pink,Suede,$80.00 ,14,$119.99,Milan
291,Asics,Gel-Quantum 180 6,Running,Men,US 11,Black,Mesh,$120.00 ,57,$169.99,Genoa
292,Fila,Mindblower,Fashion,Women,US 8,White,Leather/Synthetic,$65.00 ,99,$199.99,Bologna
293,Skechers,Max Cushioning,Running,Women,US 7.5,Black,Mesh,$90.00 ,94,$129.99,Rome
294,Nike,Free RN Flyknit,Running,Men,US 10,Blue,Knit,$130.00 ,52,$149.99,Bari
295,Adidas,Adizero Boston 9,Running,Women,US 6.5,Black,Mesh,$120.00 ,65,$299.99,Genoa
296,Reebok,Zig Kinetica II,Running,Men,US 9,Blue,Mesh,$120.00 ,9,$269.99,Florence
297,Converse,Run Star Hike,Casual,Women,US 8.5,White,Canvas,$110.00 ,96,$199.99,Genoa
298,Puma,Ralph Sampson,Casual,Men,US 11,White/Green,Leather,$80.00 ,53,$149.99,Catania
299,Vans,Era,Skate,Women,US 7,Black,Canvas,$55.00 ,23,$79.99,Catania
300,New Balance,990v4,Running,Men,US 10.5,Grey,Suede/Mesh,$175.00 ,52,$239.99,Naples
301,Asics,Gel-Kayano 27,Running,Women,US 9,Black,Mesh,$160.00 ,83,$269.99,Rome
302,Fila,D-Formation,Fashion,Men,US 9,White,Leather,$70.00 ,48,$219.99,Palermo
303,Skechers,D'Lites,Walking,Women,US 8,White,Leather,$65.00 ,58,$189.99,Palermo
304,Nike,Air Max 2090,Running,Men,US 9,Grey,Synthetic,$150.00 ,77,$269.99,Bologna
305,Nike,Air Force 1 Low,Casual,Men,US 9.5,White,Leather,$90.00 ,19,$109.99,Bologna
306,Adidas,NMD_R1,Lifestyle,Women,US 7.5,Pink/White,Primeknit,$130.00 ,47,$199.99,Palermo
307,Reebok,Zig Kinetica II,Running,Men,US 11,Black,Mesh,$120.00 ,22,$159.99,Milan
308,Converse,Chuck 70 High,Casual,Men,US 8.5,Cream,Canvas,$85.00 ,72,$139.99,Palermo
309,Puma,Calibrate Runner,Running,Women,US 8,Black,Mesh,$90.00 ,16,$99.99,Palermo
310,Vans,Sk8-Hi,Skate,Men,US 10,Black/White,Suede/Canvas,$70.00 ,55,$159.99,Bari
311,New Balance,327,Lifestyle,Women,US 6.5,White/Green,Suede/Mesh,$90.00 ,76,$289.99,Genoa
312,Asics,Gel-Quantum 90,Running,Men,US 10,Blue,Mesh,$90.00 ,71,$119.99,Turin
313,Fila,Original Fitness,Fashion,Women,US 7.5,White/Navy,Leather/Synthetic,$65.00 ,68,$89.99,Naples
314,Skechers,Go Walk 5,Walking,Men,US 9,Grey,Mesh,$65.00 ,68,$199.99,Bologna
315,Nike,React Infinity Run Flyknit,Running,Women,US 8,Black,Flyknit,$160.00 ,5,$269.99,Bologna
316,Adidas,Superstar,Casual,Men,US 8.5,White/Black,Leather,$85.00 ,55,$129.99,Bari
317,Reebok,Nano 9,Crossfit,Women,US 7,Grey,Mesh,$130.00 ,90,$219.99,Turin
318,Converse,Run Star Hike,Casual,Women,US 9,White,Canvas,$100.00 ,44,$209.99,Bari
319,Puma,RS-2K,Lifestyle,Men,US 10,White,Leather/Synthetic,$120.00 ,18,$149.99,Genoa
320,Vans,Era,Skate,Women,US 6.5,Black/White,Canvas,$50.00 ,74,$289.99,Palermo
321,New Balance,FuelCell Propel v3,Running,Men,US 9.5,Blue/Orange,Mesh,$100.00 ,24,$199.99,Bari
322,Asics,Gel-Kinsei OG,Running,Women,US 8.5,White/Black,Mesh,$180.00 ,65,$299.99,Rome
323,Fila,Trigate,Fashion,Men,US 9.5,White/Navy/Red,Synthetic,$60.00 ,11,$139.99,Turin
324,Skechers,Summits,Walking,Women,US 7.5,Black/Pink,Mesh,$60.00 ,42,$209.99,Milan
325,Nike,Air Force 1 Low,Casual,Men,US 9,White,Leather,$90.00 ,96,$159.99,Genoa
326,Adidas,NMD_R1,Lifestyle,Women,US 7,Pink,Primeknit,$140.00 ,56,$189.99,Catania
327,Reebok,Zig Kinetica,Running,Men,US 11,Black,Mesh,$120.00 ,10,$289.99,Milan
328,Converse,Chuck 70,Casual,Men,US 8,Grey,Canvas,$85.00 ,51,$99.99,Naples
329,Puma,Clyde All-Pro,Basketball,Men,US 10.5,White,Leather,$130.00 ,89,$299.99,Milan
330,Vans,SK8-Hi,Skate,Women,US 7,Black/White,Suede/Canvas,$70.00 ,20,$99.99,Bari
331,New Balance,990v2,Running,Men,US 10,Grey,Suede/Mesh,$175.00 ,10,$269.99,Florence
332,Asics,Gel-Quantum 360 6,Running,Women,US 8,Black,Mesh,$150.00 ,41,$179.99,Catania
333,Fila,Original Fitness,Casual,Men,US 9,White/Navy,Leather,$60.00 ,93,$189.99,Florence
334,Skechers,Max Cushioning Premier,Running,Men,US 8.5,Grey,Mesh,$90.00 ,77,$299.99,Genoa
335,Nike,Blazer Mid,Casual,Women,US 7.5,Red,Leather,$100.00 ,23,$189.99,Rome
336,Adidas,Superstar,Casual,Men,US 10,White/Black,Leather,$80.00 ,19,$179.99,Catania
337,Reebok,Classic Nylon,Casual,Women,US 8,Black/White,Nylon/Suede,$65.00 ,1,$159.99,Milan
338,Converse,All Star Pro BB,Basketball,Men,US 11,Black,Canvas,$120.00 ,71,$249.99,Catania
339,Puma,Calibrate Runner,Running,Women,US 6.5,Blue,Mesh,$120.00 ,29,$159.99,Bari
340,Vans,Era,Skate,Men,US 9.5,Red,Canvas,$50.00 ,17,$229.99,Rome
341,New Balance,Fresh Foam More v3,Running,Women,US 7.5,Grey,Mesh,$165.00 ,99,$279.99,Bologna
342,Asics,GT-2000 10,Running,Men,US 9.5,Black,Mesh,$120.00 ,29,$249.99,Turin
343,Fila,D-Formation,Casual,Women,US 8.5,White,Leather,$70.00 ,34,$229.99,Genoa
344,Skechers,Equalizer 4.0,Walking,Men,US 12,Navy,Mesh,$65.00 ,20,$149.99,Genoa
345,Nike,React Infinity Run Flyknit 2,Running,Women,US 9,Purple,Flyknit,$160.00 ,72,$169.99,Florence
346,Nike,Air Force 1,Basketball,Men,US 11,White,Leather,$90.00 ,72,$149.99,Palermo
347,Adidas,Yeezy Boost 350 V2,Fashion,Women,US 8.5,Cream,Primeknit,$220.00 ,26,$229.99,Florence
348,Reebok,Zig Kinetica,Running,Men,US 12,Black,Mesh,$120.00 ,64,$269.99,Rome
349,Converse,Chuck 70,Casual,Women,US 7,Egret,Canvas,$85.00 ,53,$129.99,Bari
350,Puma,Calibrate Runner,Running,Men,US 8.5,Black,Mesh,$80.00 ,32,$259.99,Florence
351,Vans,Sk8-Hi,Skate,Women,US 9,Black/White,Canvas,$70.00 ,47,$219.99,Bari
352,New Balance,FuelCell Rebel v2,Running,Men,US 10.5,Blue,Mesh,$130.00 ,6,$259.99,Florence
353,Asics,Gel-Quantum 90,Running,Women,US 7,Black,Mesh,$80.00 ,100,$129.99,Catania
354,Fila,Tracer,Fashion,Men,US 9.5,White/Navy,Leather/Synthetic,$65.00 ,91,$219.99,Florence
355,Skechers,D'Lites,Walking,Women,US 6.5,Black/White,Synthetic,$65.00 ,5,$279.99,Bologna
356,Nike,React Infinity Run Flyknit 2,Running,Men,US 9,Black,Flyknit,$160.00 ,37,$239.99,Naples
357,Adidas,NMD_R1 V2,Casual,Women,US 6.5,Pink,Primeknit,$130.00 ,93,$189.99,Catania
358,Reebok,Club C Legacy,Casual,Men,US 11,Green,Leather,$80.00 ,14,$249.99,Milan
359,Converse,Jack Purcell,Casual,Women,US 7.5,White,Canvas,$65.00 ,25,$229.99,Milan
360,Puma,Clyde All-Pro,Basketball,Men,US 10,Black,Leather,$130.00 ,72,$209.99,Turin
361,Vans,Slip-On,Casual,Women,US 8.5,Black,Canvas,$50.00 ,35,$129.99,Rome
362,New Balance,Fresh Foam Hierro v6,Trail Running,Men,US 10,Grey/Orange,Synthetic/Mesh,$135.00 ,26,$189.99,Turin
363,Asics,GT-2000 10,Running,Women,US 9,Black/Pink,Mesh,$120.00 ,57,$189.99,Naples
364,Fila,Ray,Fashion,Men,US 11,White,Synthetic,$65.00 ,59,$299.99,Florence
365,Skechers,Ultra Flex 2.0,Walking,Women,US 7.5,Navy/White,Mesh,$60.00 ,43,$209.99,Milan
366,Nike,React Infinity Run,Running,Women,US 9.5,Grey/Pink,Mesh,$160.00 ,70,$249.99,Naples
367,Adidas,Ultraboost 5.0 DNA,Running,Men,US 9,White,Primeknit,$180.00 ,27,$279.99,Palermo
368,Reebok,Nano X1,Training,Women,US 8.5,Black,Flexweave/Knit,$130.00 ,9,$249.99,Genoa
369,Converse,Jack Purcell,Casual,Men,US 11,White,Canvas,$75.00 ,79,$249.99,Catania
370,Puma,Calibrate Runner,Running,Men,US 10,Grey/Black,Mesh,$90.00 ,74,$219.99,Naples
371,Vans,Sk8-Hi,Skate,Women,US 7,Black/White,Canvas/Suede,$65.00 ,54,$269.99,Catania
372,New Balance,327,Lifestyle,Men,US 8.5,Blue/Orange,Suede/Nylon,$90.00 ,76,$109.99,Naples
373,Asics,Gel-Cumulus 23,Running,Women,US 7.5,Pink,Mesh,$120.00 ,85,$299.99,Milan
374,Fila,Trailblazer,Fashion,Men,US 9,Green/Orange,Leather/Synthetic,$80.00 ,39,$239.99,Turin
375,Skechers,Go Walk Joy,Walking,Women,US 6.5,Black,Mesh,$54.99 ,76,$89.99,Palermo
376,Nike,Blazer Mid '77,Casual,Men,US 10,White/Black,Leather,$100.00 ,23,$129.99,Naples
377,Adidas,NMD_R1,Lifestyle,Women,US 6,Pink/White,Primeknit,$130.00 ,69,$269.99,Genoa
378,Reebok,Legacy Lifter,Weightlifting,Men,US 9.5,Black/Gold,Leather,$200.00 ,37,$299.99,Bologna
379,Converse,Run Star Hike,Casual,Women,US 7.5,Pink,Canvas,$110.00 ,60,$249.99,Florence
380,Puma,Wild Rider,Lifestyle,Men,US 11,Black/White,Suede/Leather,$90.00 ,10,$209.99,Turin
381,Vans,Slip-On,Casual,Women,US 8,Black/White Checkerboard,Canvas,$50.00 ,94,$219.99,Catania
382,New Balance,Fresh Foam 1080v10,Running,Men,US 12,Black/Green,Mesh,$150.00 ,56,$159.99,Bologna
383,Asics,Gel-Quantum 360 6,Running,Women,US 9,Black/White,Mesh,$150.00 ,38,$269.99,Bologna
384,Fila,Spaghetti,Fashion,Men,US 9.5,White/Navy,Leather/Synthetic,$75.00 ,62,$249.99,Turin
385,Nike,Air Max 90,Running,Men,US 8.5,White,Leather,$120.00 ,61,$259.99,Bari
386,Adidas,NMD_R1,Lifestyle,Women,US 7,Black/Pink,Primeknit,$130.00 ,92,$249.99,Palermo
387,Reebok,Nano X,Crossfit,Men,US 9,Grey,Mesh,$130.00 ,37,$159.99,Bari
388,Converse,All Star Pro BB,Basketball,Women,US 9.5,Purple,Canvas,$110.00 ,70,$279.99,Milan
389,Puma,Suede Classic,Casual,Men,US 11,Black,Suede,$65.00 ,12,$209.99,Bari
390,Vans,Sk8-Hi,Skate,Women,US 7.5,Yellow,Suede,$65.00 ,5,$149.99,Rome
391,New Balance,574,Casual,Men,US 10,Grey,Suede/Mesh,$80.00 ,19,$199.99,Turin
392,Asics,Gel-Quantum 360 6,Running,Women,US 8.5,Black,Mesh,$150.00 ,3,$219.99,Catania
393,Fila,Original Fitness,Fashion,Men,US 10.5,White,Leather,$65.00 ,23,$259.99,Naples
394,Skechers,Go Run 600,Running,Women,US 6,Pink,Mesh,$60.00 ,36,$169.99,Bari
395,Nike,Air Force 1,Casual,Men,US 9.5,Grey,Leather,$90.00 ,86,$189.99,Milan
396,Adidas,Yeezy Boost 350,Lifestyle,Women,US 6.5,Cream,Primeknit,$220.00 ,83,$299.99,Bologna
397,Reebok,Legacy Lifter,Weightlifting,Men,US 10.5,Black,Leather,$200.00 ,83,$239.99,Bari
398,Converse,Pro Leather,Casual,Women,US 8.5,White/Green,Leather,$85.00 ,98,$169.99,Turin
399,Puma,RS-X³ Puzzle,Lifestyle,Men,US 8.5,Red,Synthetic,$110.00 ,28,$129.99,Turin
400,Vans,Slip-On,Skate,Women,US 8,Black/White,Canvas,$50.00 ,28,$119.99,Florence
401,New Balance,FuelCell Propel v3,Running,Men,US 9,Red,Mesh,$100.00 ,4,$109.99,Bologna
402,Asics,Gel-Kayano 28,Running,Women,US 7.5,White/Pink,Mesh,$160.00 ,26,$279.99,Genoa
403,Fila,Disruptor Low,Fashion,Men,US 9.5,White/Navy,Synthetic,$60.00 ,43,$279.99,Naples
404,Skechers,Elite Flex,Walking,Women,US 7.5,Black,Mesh,$70.00 ,52,$169.99,Bari
405,Nike,Air Force 1 '07,Basketball,Men,US 9.5,White,Leather,$100.00 ,84,$279.99,Genoa
406,Adidas,NMD_R1,Running,Women,US 7,Grey,Primeknit,$140.00 ,99,$219.99,Naples
407,Reebok,Aztrek Double Mix,Casual,Women,US 8,Pink/White,Suede/Mesh,$100.00 ,59,$269.99,Catania
408,Converse,All Star Leather,Casual,Men,US 8.5,Black,Leather,$65.00 ,96,$129.99,Bari
409,Puma,Calibrate Runner,Running,Men,US 10,Blue,Mesh,$90.00 ,4,$219.99,Turin
410,Vans,SK8-Hi,Skate,Women,US 6.5,Black/White,Suede/Canvas,$70.00 ,84,$89.99,Catania
411,New Balance,Fresh Foam 880v11,Running,Men,US 11.5,Red,Mesh,$130.00 ,68,$179.99,Bologna
412,Asics,Gel-Cumulus 23,Running,Women,US 9.5,Purple,Mesh,$120.00 ,95,$249.99,Milan
413,Fila,Mindblower,Fashion,Men,US 9.5,White/Blue,Leather/Synthetic,$75.00 ,37,$109.99,Florence
414,Skechers,Summits - Quick Lapse,Walking,Women,US 8,Black/Pink,Mesh,$60.00 ,23,$199.99,Palermo
415,Nike,Air Max 97,Running,Men,US 11.5,Black,Leather/Synthetic,$170.00 ,19,$229.99,Naples
416,Adidas,ZX 2K Boost,Casual,Women,US 7.5,White/Pink,Mesh/Synthetic,$150.00 ,66,$169.99,Bologna
417,Reebok,Club C Revenge,Casual,Men,US 10,White/Green,Leather,$80.00 ,44,$99.99,Naples
418,Converse,Chuck 70 High,Casual,Women,US 6,Red,Canvas,$85.00 ,25,$189.99,Turin
419,Puma,Cali Sport,Lifestyle,Men,US 8.5,Black/White,Leather,$80.00 ,27,$289.99,Bologna
420,Vans,Slip-On,Skate,Women,US 7,Black/White,Canvas,$50.00 ,75,$249.99,Catania
421,New Balance,Fresh Foam More v2,Running,Men,US 9,Grey,Mesh,$165.00 ,70,$259.99,Genoa
422,Asics,GT-2000 10,Running,Women,US 8,Blue,Mesh,$120.00 ,76,$199.99,Palermo
423,Fila,Original Fitness,Fashion,Men,US 11,White,Leather,$60.00 ,27,$109.99,Genoa
424,Nike,Air Force 1,Basketball,Men,US 11,White,Leather,$90.00 ,52,$189.99,Naples
425,Adidas,NMD_R1,Running,Women,US 8,Pink,Primeknit,$140.00 ,25,$219.99,Rome
426,Reebok,Zig Kinetica,Running,Men,US 10.5,Black,Mesh,$120.00 ,84,$189.99,Catania
427,Converse,Jack Purcell,Casual,Women,US 7.5,White,Canvas,$65.00 ,56,$159.99,Catania
428,Puma,Clyde All-Pro,Basketball,Men,US 10.5,Black,Leather,$130.00 ,47,$209.99,Florence
429,Vans,Sk8-Hi,Skate,Women,US 9,Black/White,Canvas/Suede,$70.00 ,77,$259.99,Naples
430,New Balance,Fresh Foam More v3,Running,Men,US 9.5,Blue,Mesh,$165.00 ,19,$199.99,Naples
431,Asics,Gel-Kayano Lite,Running,Women,US 7.5,Black,Mesh,$120.00 ,35,$149.99,Rome
432,Fila,Mindblower,Fashion,Men,US 9,Grey,Synthetic,$70.00 ,23,$159.99,Palermo
433,Skechers,D'Lites,Lifestyle,Women,US 8.5,White,Leather/Synthetic,$65.00 ,28,$199.99,Turin
434,Nike,Air Max 95,Running,Men,US 11,Grey,Synthetic,$170.00 ,19,$199.99,Florence
435,Adidas,Superstar,Casual,Women,US 7,White/Black,Leather,$80.00 ,28,$159.99,Bologna
436,Reebok,DMX Series 2K,Casual,Men,US 9.5,White/Blue,Synthetic,$90.00 ,74,$149.99,Catania
437,Converse,All Star Lift,Casual,Women,US 6.5,Black,Canvas,$65.00 ,90,$109.99,Palermo
438,Puma,Ralph Sampson,Basketball,Men,US 11,White,Leather,$80.00 ,51,$289.99,Bari
439,Vans,Era,Skate,Women,US 8.5,Red,Canvas,$55.00 ,46,$239.99,Naples
440,New Balance,FuelCell Rebel v2,Running,Men,US 10,Black,Mesh,$130.00 ,29,$159.99,Bologna
441,Asics,Gel-Quantum 90,Running,Women,US 8,Black/Pink,Mesh,$80.00 ,38,$259.99,Naples
442,Fila,Original Fitness,Casual,Men,US 8.5,White/Red,Leather,$65.00 ,73,$229.99,Naples
443,Skechers,Elite Flex Wasick,Training,Women,US 7.5,Grey,Knit,$65.00 ,53,$199.99,Turin
444,Nike,React Infinity Run Flyknit,Running,Men,US 10,Blue,Flyknit,$160.00 ,59,$219.99,Catania
445,Nike,Air Force 1 '07,Casual,Men,US 9,White/Black,Leather,$90.00 ,68,$129.99,Naples
446,Adidas,Yeezy Boost 350 V2,Fashion,Women,US 8.5,Cream White,Primeknit/Synthetic,$220.00 ,63,$279.99,Naples
447,Reebok,Nano X1 Adventure,Training,Men,US 10.5,Black,Mesh/Synthetic,$130.00 ,97,$269.99,Bari
448,Converse,Jack Purcell,Casual,Women,US 7,White,Canvas,$65.00 ,68,$149.99,Bologna
449,Puma,Calibrate Runner,Running,Men,US 11,Grey,Mesh/Synthetic,$100.00 ,70,$249.99,Rome
450,Vans,SK8-Hi,Skate,Women,US 9.5,Purple,Canvas/Suede,$70.00 ,46,$189.99,Florence
451,New Balance,FuelCell Rebel v2,Running,Men,US 9.5,Black/White,Mesh/Synthetic,$130.00 ,81,$289.99,Catania
452,Asics,Gel-Quantum 360 6,Running,Women,US 6,Pink,Mesh/Synthetic,$170.00 ,78,$219.99,Milan
453,Fila,Mindblower,Fashion,Men,US 8.5,Red/White,Synthetic/Leather,$75.00 ,52,$199.99,Rome
454,Skechers,Max Cushioning Elite,Running,Women,US 7,Navy,Mesh/Synthetic,$110.00 ,70,$219.99,Genoa
455,Nike,Air Max 90,Running,Men,US 8,Black/White,Leather/Mesh,$120.00 ,38,$239.99,Naples
456,Adidas,NMD_R1,Fashion,Women,US 7,Grey,Knit/Synthetic,$140.00 ,47,$219.99,Palermo
457,Reebok,Nano X1 Grit,Training,Men,US 11,Grey/Black,Mesh/Synthetic,$130.00 ,94,$239.99,Catania
458,Converse,All Star,Casual,Men,US 9,Navy,Canvas,$55.00 ,76,$229.99,Catania
459,Puma,Future Rider Play On,Lifestyle,Women,US 9,Yellow,Synthetic/Textile,$80.00 ,87,$189.99,Catania
460,Vans,Era,Skate,Men,US 9.5,Black/White,Canvas,$50.00 ,27,$199.99,Naples
461,New Balance,Fresh Foam X Beacon v3,Running,Women,US 7,White/Grey,Mesh,$120.00 ,5,$279.99,Bologna
462,Asics,Gel-Kayano 27,Running,Men,US 12,Black,Mesh/Synthetic,$160.00 ,48,$199.99,Naples
463,Fila,Trigate,Fashion,Women,US 8,Pink,Synthetic/Leather,$65.00 ,4,$129.99,Turin
464,Nike,Air Force 1,Casual,Men,US 11,White,Leather,$90.00 ,23,$249.99,Genoa
465,Adidas,Yeezy Boost 350 V2,Fashion,Women,US 7,Cream,Primeknit,$220.00 ,62,$269.99,Bari
466,Reebok,Nano X1,CrossFit,Men,US 10,Black/White,Mesh,$130.00 ,49,$199.99,Genoa
467,Converse,All Star,Casual,Women,US 8.5,Red,Canvas,$60.00 ,76,$69.99,Catania
468,Puma,Calibrate Rest,Running,Men,US 8.5,Grey,Mesh,$100.00 ,55,$149.99,Naples
469,Vans,Sk8-Hi,Skate,Men,US 9,Black/White,Suede/Canvas,$70.00 ,72,$239.99,Rome
470,New Balance,327,Casual,Women,US 7,Green/White,Suede/Nylon,$90.00 ,66,$169.99,Bari
471,Asics,Gel-Cumulus 23,Running,Men,US 9,Black,Mesh,$120.00 ,49,$239.99,Genoa
472,Fila,Mindblower,Fashion,Women,US 7.5,Pink,Leather,$75.00 ,45,$109.99,Bologna
473,Skechers,Max Cushioning,Walking,Men,US 11,Grey,Mesh,$90.00 ,88,$239.99,Genoa
474,Nike,React Infinity Run Flyknit 2,Running,Women,US 8,Blue,Flyknit,$160.00 ,45,$229.99,Florence
475,Adidas,Ultraboost 20,Running,Men,US 9.5,White,Primeknit,$180.00 ,91,$299.99,Milan
476,Reebok,Aztrek 96,Casual,Women,US 9,Purple,Synthetic,$90.00 ,83,$229.99,Bologna
477,Converse,Jack Purcell,Casual,Men,US 8.5,White,Canvas,$70.00 ,9,$119.99,Florence
478,Puma,RS-X3,Fashion,Women,US 7.5,Pink,Leather/Synthetic,$110.00 ,70,$209.99,Naples
479,Vans,Slip-On,Skate,Men,US 9.5,Checkerboard Black/White,Canvas,$50.00 ,86,$179.99,Bologna
480,New Balance,FuelCell Rebel v2,Running,Women,US 8.5,Grey/Green,Mesh,$130.00 ,24,$209.99,Genoa
481,Asics,Gel-Quantum 360 6,Running,Men,US 10,Black,Mesh,$160.00 ,27,$249.99,Bologna
482,Fila,D-Formation,Fashion,Women,US 6,White/Black,Leather/Synthetic,$70.00 ,61,$169.99,Rome
483,Skechers,Go Walk 5,Walking,Men,US 10,Black,Mesh,$65.00 ,56,$299.99,Bologna
484,Nike,Air Max 2090,Running,Women,US 7.5,Green,Mesh,$150.00 ,20,$229.99,Genoa
485,Nike,React Infinity Run,Running,Men,US 9.5,Blue/Black,Mesh,$160.00 ,100,$219.99,Turin
486,Adidas,NMD_R1,Lifestyle,Women,US 7.5,Grey,Primeknit,$130.00 ,23,$179.99,Naples
487,Reebok,Nano 9,Training,Men,US 10,Black,Flexweave,$130.00 ,65,$249.99,Bologna
488,Converse,All Star Pro BB,Basketball,Women,US 8.5,White,Leather,$100.00 ,85,$109.99,Palermo
489,Puma,Clyde Hardwood,Basketball,Men,US 8,Red/Black,Leather,$110.00 ,12,$259.99,Genoa
490,Vans,Sk8-Hi,Skate,Women,US 7.5,Black/White,Suede/Canvas,$70.00 ,39,$189.99,Milan
491,New Balance,327,Casual,Men,US 9.5,Green,Suede/Mesh,$90.00 ,22,$279.99,Milan
492,Asics,Gel-Quantum 360 6,Running,Women,US 8,Pink,Mesh/Synthetic,$160.00 ,27,$239.99,Genoa
493,Fila,Mindblower,Fashion,Men,US 10,White/Red,Leather,$75.00 ,96,$199.99,Catania
494,Skechers,D'Lites,Walking,Women,US 7.5,Black,Leather/Synthetic,$60.00 ,22,$69.99,Milan
495,Nike,Blazer Mid '77,Casual,Men,US 10,White/Black,Leather,$100.00 ,79,$199.99,Milan
496,Adidas,Superstar,Casual,Women,US 8.5,White/Black,Leather,$80.00 ,76,$139.99,Rome
497,Reebok,Classic Nylon,Casual,Men,US 11,Black,Nylon/Suede,$60.00 ,3,$109.99,Naples
498,Converse,Chuck 70,Casual,Women,US 7.5,Egret,Canvas,$85.00 ,25,$159.99,Rome
499,Puma,Ralph Sampson Mid,Basketball,Men,US 9.5,White,Leather,$90.00 ,75,$259.99,Bologna
500,Vans,Era,Skate,Men,US 8.5,Red,Canvas,$55.00 ,25,$189.99,Milan
501,New Balance,FuelCell Rebel v2,Running,Women,US 7,Purple,Mesh,$130.00 ,87,$139.99,Catania
502,Asics,GT-2000 10,Running,Men,US 9.5,Grey,Mesh,$120.00 ,7,$229.99,Bologna
503,Fila,Trailblazer,Hiking,Women,US 8,Beige,Leather/Synthetic,$85.00 ,35,$189.99,Bologna
504,Skechers,Summits,Training,Men,US 11,Black,Mesh,$60.00 ,30,$269.99,Milan
505,Nike,Air Force 1,Basketball,Men,US 11,White,Leather,$90.00 ,84,$159.99,Palermo
506,Adidas,Yeezy Boost 350 V2,Lifestyle,Men,US 10,Cream,Primeknit,$220.00 ,78,$289.99,Turin
507,Reebok,Zig Kinetica,Running,Women,US 9,Pink,Mesh,$120.00 ,99,$239.99,Catania
508,Converse,Chuck 70,Casual,Men,US 9,Black,Canvas,$85.00 ,12,$169.99,Genoa
509,Puma,Clyde All-Pro,Basketball,Men,US 9.5,Black,Leather,$130.00 ,86,$289.99,Florence
510,Vans,Sk8-Hi,Skate,Women,US 7,Black/White,Suede/Canvas,$70.00 ,71,$99.99,Milan
511,New Balance,574,Casual,Men,US 8,Grey,Suede/Mesh,$80.00 ,47,$239.99,Genoa
512,Asics,Gel-Quantum 360,Running,Women,US 7.5,Grey,Mesh,$170.00 ,93,$179.99,Genoa
513,Fila,Mindblower,Fashion,Men,US 11,White/Red,Leather,$75.00 ,91,$209.99,Turin
514,Skechers,Energy Wave Linxe,Walking,Women,US 8,Grey,Mesh,$60.00 ,26,$219.99,Bologna
515,Nike,React Infinity Run Flyknit 2,Running,Men,US 9.5,Black/White,Flyknit,$160.00 ,12,$259.99,Florence
516,Adidas,Ultraboost DNA,Running,Women,US 6.5,White,Primeknit,$180.00 ,36,$259.99,Turin
517,Reebok,Nano X1,Training,Men,US 10,Blue,Mesh,$130.00 ,62,$219.99,Rome
518,Converse,Jack Purcell,Casual,Women,US 7,White,Canvas,$65.00 ,56,$109.99,Naples
519,Puma,Calibrate Runner,Running,Men,US 10.5,Grey,Mesh,$120.00 ,3,$269.99,Rome
520,Vans,Slip-On,Skate,Men,US 8.5,Black/White,Canvas,$50.00 ,44,$179.99,Rome
521,New Balance,FuelCell Rebel V2,Running,Women,US 7.5,Pink,Mesh,$110.00 ,90,$299.99,Florence
522,Asics,Gel-Kayano 27,Running,Men,US 11.5,Black,Mesh,$160.00 ,77,$189.99,Florence
523,Fila,Original Fitness,Casual,Women,US 8.5,White,Leather,$60.00 ,41,$199.99,Milan
524,Skechers,Go Run Mojo 2.0,Running,Men,US 9,Black,Mesh,$55.00 ,97,$89.99,Genoa
525,Nike,Zoom Fly 3,Running,Women,US 9,Blue,Mesh,$160.00 ,9,$219.99,Bari
526,Nike,Blazer Mid '77,Basketball,Men,US 11,White/Black,Leather,$100.00 ,70,$299.99,Turin
527,Adidas,Yeezy Boost 350 V2,Lifestyle,Women,US 6.5,Cloud White,Primeknit,$220.00 ,70,$299.99,Milan
528,Reebok,Nano X1,CrossFit,Men,US 9.5,Black/White,Knit/Synthetic,$130.00 ,89,$299.99,Bologna
529,Converse,Jack Purcell,Casual,Women,US 8,Pink,Canvas,$65.00 ,26,$209.99,Rome
530,Puma,Calibrate,Running,Men,US 10,Grey/White,Mesh/Synthetic,$120.00 ,79,$189.99,Catania
531,Vans,Sk8-Hi,Skate,Women,US 7,Black/White,Suede/Canvas,$70.00 ,41,$199.99,Milan
532,New Balance,574,Casual,Men,US 12,Navy/Red,Suede/Mesh,$85.00 ,67,$179.99,Genoa
533,Asics,Gel-Quantum 90,Running,Women,US 7.5,Black/Gold,Mesh/Synthetic,$90.00 ,41,$239.99,Florence
534,Fila,Original Fitness,Casual,Men,US 11,White/Navy/Red,Leather,$70.00 ,8,$159.99,Catania
535,Skechers,Elite Flex,Walking,Women,US 9,Grey/Pink,Knit,$70.00 ,86,$129.99,Florence
536,Nike,Air Zoom Pegasus 38,Running,Men,US 10,Blue,Mesh/Synthetic,$120.00 ,42,$269.99,Rome
537,Adidas,NMD_R1,Lifestyle,Women,US 8.5,Black/Pink,Knit,$140.00 ,92,$249.99,Turin
538,Reebok,Floatride Energy 3,Running,Men,US 8.5,White/Black,Knit/Synthetic,$100.00 ,73,$169.99,Palermo
539,Converse,All Star Chuck 70,Skate,Women,US 9,Black,Canvas,$85.00 ,78,$229.99,Rome
540,Puma,Clyde All-Pro,Basketball,Men,US 9,Black/Yellow,Leather/Synthetic,$130.00 ,99,$229.99,Milan
541,Vans,Era,Skate,Women,US 8,Multi-color,Canvas,$55.00 ,49,$119.99,Bologna
542,New Balance,Fresh Foam 880v11,Running,Men,US 9.5,Grey,Mesh,$130.00 ,39,$259.99,Rome
543,Asics,Gel-Kayano 28,Running,Women,US 9,Black,Mesh,$160.00 ,77,$169.99,Naples
544,Fila,Trigate,Running,Men,US 10,Black/White,Mesh/Synthetic,$65.00 ,35,$209.99,Rome
545,Nike,React Infinity Run,Running,Men,US 9.5,Blue/Green,Mesh,$160.00 ,99,$289.99,Bari
546,Adidas,NMD_R1,Lifestyle,Women,US 8,White/Black,Primeknit,$140.00 ,52,$189.99,Rome
547,Reebok,Nano 9,CrossFit,Men,US 10,Black,Synthetic/Textile,$130.00 ,43,$259.99,Florence
548,Converse,Jack Purcell,Casual,Women,US 7.5,White,Canvas,$65.00 ,46,$189.99,Florence
549,Puma,Calibrate Runner,Running,Men,US 11,Black/White,Mesh,$120.00 ,51,$199.99,Bologna
550,Vans,Era,Skate,Women,US 7.5,Pink,Canvas,$50.00 ,84,$259.99,Florence
551,New Balance,327,Casual,Men,US 8,Grey/Green,Suede/Mesh,$100.00 ,85,$219.99,Milan
552,Asics,Gel-Quantum 180 5,Running,Women,US 9,Pink/Black,Mesh/Synthetic,$120.00 ,51,$199.99,Genoa
553,Fila,D-Formation,Fashion,Men,US 9.5,White/Red,Leather/Synthetic,$70.00 ,58,$169.99,Turin
554,Skechers,Max Cushioning Elite,Running,Women,US 6.5,Grey/Pink,Mesh,$90.00 ,32,$259.99,Florence
555,Nike,ZoomX Vaporfly Next%,Running,Men,US 10,Black/White,Mesh,$250.00 ,10,$299.99,Bologna
556,Adidas,Yeezy Boost 350 V2,Fashion,Women,US 7.5,Cream White,Primeknit,$220.00 ,47,$259.99,Palermo
557,Reebok,Aztrek 96,Casual,Men,US 11.5,Black/White,Suede/Textile,$90.00 ,72,$179.99,Bologna
558,Converse,Chuck 70,Casual,Women,US 6.5,Sunflower,Canvas,$85.00 ,86,$179.99,Milan
559,Puma,Future Rider,Lifestyle,Men,US 10,Blue/Red,Synthetic/Mesh,$80.00 ,77,$199.99,Bari
560,Vans,Sk8-Hi,Skate,Women,US 8,Yellow,Canvas/Suede,$65.00 ,55,$89.99,Catania
561,New Balance,Fresh Foam More,Running,Men,US 9.5,Black/White,Mesh,$165.00 ,11,$279.99,Genoa
562,Asics,Gel-Kayano 28,Running,Women,US 7,White/Pink,Mesh,$160.00 ,37,$189.99,Bari
563,Fila,Venom,Fashion,Men,US 8.5,White/Red/Navy,Leather/Synthetic,$65.00 ,7,$259.99,Genoa
564,Nike,Air Force 1 '07,Basketball,Men,US 11,White,Leather,$90.00 ,60,$249.99,Naples
565,Adidas,NMD_R1,Lifestyle,Women,US 8,Pink,Primeknit,$130.00 ,45,$249.99,Florence
566,Reebok,Nano X1 Adventure,Training,Men,US 10.5,Grey,Flexweave,$130.00 ,9,$249.99,Bari
567,Converse,Jack Purcell Low Top,Casual,Women,US 7,White,Canvas,$65.00 ,78,$279.99,Turin
568,Puma,Clyde All-Pro,Basketball,Men,US 12,Black/White,Leather/Synthetic,$130.00 ,5,$219.99,Rome
569,Vans,SK8-Hi,Skate,Women,US 7.5,Pink,Suede/Canvas,$65.00 ,80,$249.99,Catania
570,New Balance,327,Lifestyle,Men,US 9.5,Green,Suede/Mesh,$90.00 ,94,$199.99,Turin
571,Asics,Gel-Lyte III,Lifestyle,Women,US 9,Black/Grey,Leather/Suede,$110.00 ,55,$279.99,Florence
572,Fila,Original Fitness,Fashion,Men,US 9.5,White,Leather,$60.00 ,20,$239.99,Palermo
573,Skechers,Max Cushioning Elite,Running,Women,US 7,Black,Mesh,$100.00 ,87,$129.99,Turin
574,Nike,Air Zoom Pegasus 38,Running,Men,US 10,Blue,Mesh,$120.00 ,83,$289.99,Catania
575,Adidas,Harden Vol. 5,Basketball,Women,US 8.5,Grey,Textile,$130.00 ,41,$169.99,Florence
576,Reebok,DMX Trail Shadow,Running,Men,US 9,Orange,Synthetic/Mesh,$120.00 ,3,$219.99,Naples
577,Converse,Chuck 70 High Top,Casual,Men,US 11.5,Black,Canvas,$85.00 ,99,$179.99,Milan
578,Puma,RS-X Hard Drive,Lifestyle,Women,US 6.5,Silver/White,Mesh/Synthetic,$120.00 ,54,$179.99,Rome
579,Vans,Era,Skate,Men,US 8.5,Red,Canvas,$50.00 ,32,$89.99,Genoa
580,New Balance,Fresh Foam More v3,Running,Women,US 8,Black,Mesh/Synthetic,$165.00 ,54,$209.99,Bologna
581,Asics,Gel-Quantum 360 6,Running,Men,US 10.5,Black/Red,Mesh/Synthetic,$170.00 ,14,$289.99,Bari
582,Fila,Mindblower,Fashion,Women,US 7,Pink,Synthetic,$75.00 ,100,$129.99,Bologna
583,Skechers,D'Lites Fresh Start,Walking,Men,US 12,White,Synthetic/Leather,$65.00 ,100,$279.99,Milan
584,Nike,Blazer Mid '77,Skate,Men,US 9,Black/White,Leather,$100.00 ,68,$209.99,Bari
585,Adidas,Ultraboost DNA,Running,Women,US 8.5,Grey,Primeknit,$180.00 ,7,$219.99,Catania
586,Reebok,Classic Nylon,Casual,Men,US 12,Navy,Nylon,$65.00 ,80,$179.99,Turin
587,Converse,Chuck 70,Casual,Women,US 6.5,Pink,Canvas,$85.00 ,69,$129.99,Milan
588,Puma,Calibrate Runner,Running,Men,US 10,Black,Mesh,$90.00 ,63,$279.99,Bari
589,Vans,Sk8-Hi,Skate,Women,US 7.5,Red,Canvas/Suede,$70.00 ,59,$249.99,Rome
590,New Balance,Fresh Foam More,Running,Men,US 9.5,Black,Mesh,$160.00 ,79,$199.99,Turin
591,Asics,Gel-Quantum 180,Running,Women,US 7.5,Blue,Mesh,$120.00 ,2,$179.99,Florence
592,Fila,D-Formation,Fashion,Men,US 11,White,Leather,$70.00 ,76,$289.99,Catania
593,Skechers,Solar Fuse,Walking,Women,US 8,Grey,Mesh,$70.00 ,56,$159.99,Palermo
594,Nike,Air Max 2090,Running,Men,US 10.5,Green,Mesh,$150.00 ,98,$169.99,Genoa
595,Adidas,Adilette Shower,Slides,Women,US 6,Pink,Synthetic,$25.00 ,97,$189.99,Palermo
596,Reebok,Nano X1,Training,Men,US 11,Red,Mesh,$130.00 ,77,$209.99,Palermo
597,Converse,Jack Purcell,Casual,Women,US 7.5,White,Canvas,$75.00 ,98,$289.99,Florence
598,Puma,Suede Classic+,Casual,Men,US 8,Black,Suede,$65.00 ,38,$179.99,Rome
599,Vans,Slip-On,Skate,Women,US 9,Checkerboard Black/White,Canvas,$50.00 ,24,$119.99,Turin
600,New Balance,FuelCell Rebel v2,Running,Men,US 8.5,Green,Mesh,$130.00 ,100,$179.99,Florence
601,Asics,Gel-Sonoma 6,Trail,Women,US 6.5,Grey,Mesh,$75.00 ,81,$139.99,Bologna
602,Fila,Ray Tracer Evo,Fashion,Men,US 12,Black,Synthetic,$65.00 ,8,$279.99,Turin
603,Skechers,Max Cushioning,Running,Women,US 8,Navy,Mesh,$85.00 ,3,$239.99,Genoa
604,Nike,React Infinity Run Flyknit,Running,Men,US 11,Blue,Flyknit,$160.00 ,34,$219.99,Turin
605,Nike,Air Force 1 Low,Casual,Men,US 12,White,Leather,$90.00 ,73,$99.99,Bari
606,Adidas,Yeezy Boost 350,Fashion,Women,US 8,Cream White,Primeknit,$220.00 ,61,$279.99,Bari
607,Reebok,Nano 9,Training,Men,US 11,Black/Gum,Flexweave/Cushioning,$130.00 ,72,$239.99,Bologna
608,Converse,Jack Purcell,Casual,Women,US 7.5,Egret/Black,Canvas,$65.00 ,36,$119.99,Bologna
609,Puma,Calibrate Runner,Running,Men,US 10.5,Grey,Mesh,$100.00 ,88,$269.99,Milan
610,Vans,Sk8-Hi,Skate,Women,US 9.5,Black/White,Canvas/Suede,$70.00 ,24,$289.99,Genoa
611,New Balance,997H,Casual,Men,US 9.5,Black/Grey,Suede/Mesh,$89.99 ,9,$279.99,Naples
612,Asics,Gel-Cumulus 22,Running,Women,US 8,Pink,Mesh,$120.00 ,91,$219.99,Genoa
613,Fila,Mindblower,Fashion,Men,US 8.5,White/Navy/Red,Synthetic/Leather,$75.00 ,10,$109.99,Naples
614,Skechers,Go Walk 5,Walking,Women,US 7,Black,Mesh,$60.00 ,63,$149.99,Milan
615,Nike,Blazer Low,Casual,Men,US 10,Black,Leather,$85.00 ,44,$299.99,Turin
616,Adidas,Ultraboost 6.0,Running,Women,US 7,Grey,Primeknit,$180.00 ,58,$209.99,Turin
617,Reebok,Aztrek 96,Casual,Men,US 12,White/Black,Synthetic,$90.00 ,92,$269.99,Genoa
618,Converse,Pro Leather,Basketball,Women,US 8.5,White,Leather,$75.00 ,55,$179.99,Naples
619,Puma,Suede Classic,Casual,Men,US 9.5,Black/White,Suede,$65.00 ,1,$79.99,Milan
620,Vans,Era,Skate,Women,US 8,True White,Canvas,$50.00 ,45,$219.99,Turin
621,New Balance,1500v6,Racing,Men,US 8,Orange,Mesh,$110.00 ,51,$279.99,Florence
622,Asics,Gel-Kayano 27,Running,Women,US 7,Grey,Mesh,$160.00 ,30,$269.99,Turin
623,Fila,Original Fitness,Casual,Men,US 10.5,Black,Leather,$60.00 ,75,$159.99,Bari
624,Skechers,Go Run Mojo,Running,Women,US 9.5,Grey/Pink,Mesh,$60.00 ,84,$119.99,Bologna
625,Nike,Air Force 1,Casual,Men,US 10.5,White,Leather,$90.00 ,98,$229.99,Bologna
626,Adidas,NMD_R1,Lifestyle,Women,US 8.5,Grey/Pink,Primeknit,$140.00 ,8,$279.99,Rome
627,Reebok,Nano X1 Adventure,Training,Men,US 11,Black,Knit,$130.00 ,95,$169.99,Palermo
628,Converse,Chuck 70,Casual,Women,US 7,Pink,Canvas,$85.00 ,25,$189.99,Palermo
629,Puma,Cali Sport,Fashion,Women,US 6.5,White/Black,Leather,$80.00 ,3,$239.99,Palermo
630,Vans,Sk8-Hi,Skate,Men,US 9.5,Blue/White,Suede/Canvas,$70.00 ,18,$119.99,Bologna
631,New Balance,Fresh Foam More v3,Running,Women,US 7.5,Pink/White,Mesh,$165.00 ,54,$259.99,Catania
632,Asics,Gel-Cumulus 23,Running,Men,US 9.5,Black,Mesh,$120.00 ,10,$169.99,Catania
633,Fila,Trail Blazer,Hiking,Women,US 9.5,Green,Suede/Leather,$70.00 ,13,$179.99,Naples
634,Skechers,Go Run Mojo Pep,Running,Men,US 8.5,Black,Mesh,$70.00 ,10,$249.99,Florence
635,Nike,Air Zoom Pegasus 38,Running,Women,US 6.5,Blue/Pink,Mesh,$120.00 ,21,$269.99,Turin
636,Adidas,Superstar,Casual,Men,US 11,White/Black,Leather,$80.00 ,90,$199.99,Turin
637,Reebok,Classic Nylon,Casual,Women,US 8.5,Purple,Nylon,$65.00 ,60,$199.99,Catania
638,Converse,Jack Purcell,Casual,Men,US 9,White,Canvas,$70.00 ,27,$109.99,Bologna
639,Puma,Suede Classic+,Casual,Women,US 7,Black,Suede,$65.00 ,21,$159.99,Naples
640,Vans,Era,Skate,Men,US 10.5,Black/White,Canvas,$55.00 ,25,$249.99,Bari
641,New Balance,574,Casual,Women,US 9,Grey/White,Suede/Mesh,$80.00 ,38,$239.99,Florence
642,Asics,Gel-Contend 7,Running,Men,US 10,Blue,Mesh,$70.00 ,83,$159.99,Bari
643,Fila,Trigate,Running,Women,US 7,Black/Pink,Synthetic/Mesh,$70.00 ,43,$189.99,Turin
644,Skechers,Flex Appeal 4.0,Training,Men,US 8.5,Grey/Orange,Knit,$70.00 ,5,$129.99,Florence
645,Nike,Air Force 1 Low,Casual,Men,US 9.5,White,Leather,$90.00 ,47,$179.99,Naples
646,Adidas,Yeezy Boost 350 V2,Lifestyle,Men,US 11,Cream White,Primeknit,$220.00 ,7,$289.99,Bari
647,Reebok,Aztrek,Retro,Women,US 7.5,Black/Gold/Red,Suede/Mesh,$90.00 ,28,$179.99,Genoa
648,Converse,Jack Purcell,Casual,Men,US 8,Navy,Canvas,$65.00 ,28,$129.99,Milan
649,Puma,Calibrate Runner,Running,Women,US 8,Grey/White,Mesh,$80.00 ,94,$169.99,Catania
650,Vans,Era,Skate,Men,US 10,Black/White,Canvas,$55.00 ,86,$299.99,Palermo
651,New Balance,327,Retro,Men,US 12,Grey/Orange,Suede/Mesh,$100.00 ,29,$129.99,Naples
652,Asics,Gel-Kayano 27,Running,Women,US 9.5,Blue/Pink,Mesh,$160.00 ,72,$229.99,Milan
653,Fila,D-Formation,Fashion,Men,US 9,Black,Leather/Synthetic,$65.00 ,56,$149.99,Genoa
654,Skechers,Go Run Ride 8,Running,Women,US 7.5,Black/Pink,Mesh,$90.00 ,51,$229.99,Bologna
655,Nike,React Infinity Run,Running,Men,US 11,Black,Mesh/Synthetic,$160.00 ,26,$279.99,Bari
656,Adidas,NMD_R1,Lifestyle,Women,US 8,Black/Grey,Primeknit,$130.00 ,3,$189.99,Florence
657,Reebok,Club MEMT,Casual,Men,US 9.5,White/Grey,Leather,$65.00 ,17,$79.99,Milan
658,Converse,Chuck 70,Skate,Women,US 6.5,White,Canvas,$85.00 ,71,$159.99,Bari
659,Puma,Clyde,Retro,Men,US 8,Red,Suede,$80.00 ,21,$199.99,Catania
660,Vans,Sk8-Hi,Skate,Women,US 7.5,Pink/White,Canvas,$65.00 ,1,$189.99,Bologna
661,New Balance,1080v10,Running,Men,US 10.5,Grey,Mesh,$150.00 ,67,$239.99,Rome
662,Asics,Gel-Quantum 180,Running,Women,US 7.5,Black/White,Mesh,$140.00 ,55,$189.99,Genoa
663,Fila,Original Fitness,Casual,Men,US 10,White/Navy/Red,Leather,$60.00 ,50,$149.99,Catania
664,Skechers,Summits,Walking,Women,US 9,Black/Grey,Mesh,$60.00 ,42,$209.99,Genoa
665,Nike,Air Force 1,Basketball,Men,US 11,White,Leather,$90.00 ,58,$109.99,Bari
666,Adidas,Yeezy Boost 350 V2,Lifestyle,Men,US 9,Natural,Primeknit,$220.00 ,85,$259.99,Milan
667,Reebok,Legacy Lifter,Weightlifting,Men,US 10.5,Black,Synthetic,$150.00 ,68,$249.99,Palermo
668,Converse,Jack Purcell,Casual,Women,US 7.5,White,Canvas,$75.00 ,46,$159.99,Bari
669,Puma,Calibrate Runner,Running,Men,US 10,Grey,Mesh,$100.00 ,89,$249.99,Florence
670,Vans,Slip-On,Skate,Women,US 8.5,Checkered,Canvas,$50.00 ,70,$89.99,Florence
671,New Balance,327,Casual,Men,US 9,Navy/Red,Suede/Nylon,$100.00 ,96,$239.99,Florence
672,Asics,Gel-Quantum 360 6,Running,Women,US 8.5,Pink,Mesh,$150.00 ,3,$189.99,Bari
673,Fila,Mindblower,Fashion,Men,US 11,White/Navy,Synthetic,$75.00 ,13,$119.99,Milan
674,Skechers,Go Run Mojo,Running,Women,US 7.5,Black/Pink,Mesh,$65.00 ,77,$269.99,Turin
675,Nike,Zoom Fly 3,Running,Men,US 10,Black,Mesh,$160.00 ,49,$299.99,Bari
676,Adidas,Ultra Boost DNA,Running,Women,US 8.5,Grey,Primeknit,$180.00 ,39,$199.99,Genoa
677,Reebok,Nano 9,Crossfit,Men,US 9.5,Grey/Black,Mesh,$130.00 ,71,$219.99,Bologna
678,Converse,Pro Leather,Skate,Women,US 6,White,Leather,$75.00 ,91,$289.99,Turin
679,Puma,Clyde All-Pro,Basketball,Men,US 11.5,White/Black,Leather,$130.00 ,98,$159.99,Palermo
680,Vans,Sk8-Hi,Skate,Men,US 8.5,Black/White,Suede/Canvas,$70.00 ,32,$129.99,Catania
681,New Balance,574,Casual,Women,US 7.5,Burgundy,Suede/Leather,$80.00 ,33,$199.99,Catania
682,Asics,Gel-Cumulus 23,Running,Men,US 11.5,Black/Red,Mesh,$120.00 ,31,$199.99,Turin
683,Fila,Original Fitness,Casual,Women,US 8.5,White/Navy,Leather,$65.00 ,42,$219.99,Bari
684,Skechers,Go Walk 5,Walking,Men,US 9,Charcoal,Mesh,$65.00 ,58,$209.99,Rome
685,Nike,Air Force 1,Casual,Men,US 8.5,White,Leather,$90.00 ,73,$239.99,Florence
686,Adidas,Yeezy Boost 350,Lifestyle,Men,US 10,Grey,Primeknit,$220.00 ,83,$299.99,Milan
687,Reebok,Nano 9,Crossfit,Women,US 7,Black,Mesh,$130.00 ,24,$169.99,Milan
688,Converse,All Star,Casual,Men,US 9,Red,Canvas,$55.00 ,61,$129.99,Milan
689,Puma,Clyde Court,Basketball,Men,US 11,Black,Mesh,$120.00 ,30,$179.99,Palermo
690,Vans,Sk8-Hi,Skate,Women,US 7.5,Red,Suede,$65.00 ,56,$279.99,Catania
691,New Balance,327,Lifestyle,Men,US 9,Green,Suede/Mesh,$90.00 ,48,$119.99,Palermo
692,Asics,Gel-Kinsei OG,Running,Women,US 8.5,White,Mesh,$180.00 ,18,$219.99,Naples
693,Fila,Mindblower,Fashion,Men,US 10,Blue,Synthetic,$75.00 ,70,$239.99,Bologna
694,Skechers,Go Walk 5,Walking,Women,US 8,Grey,Mesh,$60.00 ,88,$259.99,Bologna
695,Nike,Zoom Pegasus 38,Running,Men,US 10,Black,Mesh,$120.00 ,36,$239.99,Genoa
696,Adidas,NMD_R1,Lifestyle,Women,US 7.5,Black/Pink,Primeknit,$140.00 ,7,$199.99,Bari
697,Reebok,Aztrek 96,Casual,Men,US 11,Grey,Synthetic,$90.00 ,45,$99.99,Catania
698,Converse,Pro Leather,Basketball,Women,US 8.5,White,Leather,$85.00 ,36,$169.99,Turin
699,Puma,RS-X,Lifestyle,Men,US 9,Black,Leather,$110.00 ,14,$259.99,Genoa
700,Vans,Era,Skate,Women,US 6.5,Black,Canvas,$50.00 ,65,$239.99,Bari
701,New Balance,FuelCell Rebel v2,Running,Women,US 9.5,Blue,Mesh,$130.00 ,65,$159.99,Milan
702,Asics,Gel-Quantum 360 6,Running,Men,US 9,Black/Grey,Mesh,$180.00 ,14,$189.99,Catania
703,Fila,V94M Low,Fashion,Women,US 7,White/Pink,Leather,$75.00 ,92,$189.99,Naples
704,Skechers,Stamina,Training,Men,US 9,Black,Leather,$65.00 ,27,$119.99,Rome
705,Nike,SB Dunk Low,Skate,Men,US 9.5,Orange,Leather,$100.00 ,31,$249.99,Milan
706,Nike,Air Force 1,Casual,Men,US 11,White/Black,Leather,$90.00 ,97,$139.99,Milan
707,Adidas,Yeezy Boost 350 V2,Fashion,Women,US 8.5,Cinder,Primeknit,$220.00 ,44,$299.99,Bari
708,Reebok,Zig Kinetica II,Running,Men,US 9.5,Black/White,Mesh/Synthetic,$120.00 ,22,$279.99,Milan
709,Converse,Jack Purcell,Casual,Women,US 7.5,Black/White,Canvas,$65.00 ,62,$109.99,Bologna
710,Puma,Calibrate Runner,Running,Men,US 10,Grey,Mesh,$100.00 ,68,$289.99,Palermo
711,Vans,Sk8-Hi,Skate,Women,US 6.5,Blue/White,Suede/Canvas,$70.00 ,85,$219.99,Palermo
712,New Balance,574 Classic,Casual,Men,US 9.5,Black/Yellow,Suede/Mesh,$80.00 ,39,$119.99,Genoa
713,Asics,Gel-Kayano Lite,Running,Women,US 8.5,Purple,Mesh/Synthetic,$120.00 ,16,$179.99,Milan
714,Fila,Trailblazer,Fashion,Men,US 10.5,Black/Gold,Leather/Suede,$75.00 ,8,$159.99,Florence
715,Skechers,Uno Bold,Lifestyle,Women,US 7.5,Pink/White,Synthetic,$70.00 ,35,$179.99,Florence
716,Nike,Air Max 2090,Running,Men,US 11.5,Black/White,Mesh/Synthetic,$150.00 ,58,$289.99,Palermo
717,Adidas,Ultra Boost DNA,Running,Women,US 8,Grey/White,Primeknit,$180.00 ,63,$279.99,Bologna
718,Reebok,Classic Leather,Casual,Men,US 12,Navy/White,Leather,$75.00 ,4,$129.99,Rome
719,Converse,Chuck 70,Casual,Women,US 9,Red,Canvas,$85.00 ,87,$269.99,Turin
720,Puma,Suede Classic,Casual,Men,US 9.5,Red/White,Suede,$65.00 ,42,$189.99,Milan
721,Vans,Era,Skate,Women,US 7,Black/White,Canvas,$55.00 ,68,$189.99,Naples
722,New Balance,FuelCell Rebel v2,Running,Men,US 10.5,Blue/Yellow,Mesh,$100.00 ,71,$239.99,Naples
723,Asics,Gel-Quantum 360 6,Running,Women,US 7.5,White/Grey,Mesh/Synthetic,$180.00 ,35,$289.99,Turin
724,Fila,Strada,Fashion,Men,US 11,White/Red/Blue,Synthetic,$70.00 ,85,$239.99,Florence
725,Nike,Air Force 1,Casual,Men,US 12,White,Leather,$90.00 ,87,$119.99,Catania
726,Adidas,NMD_R1,Lifestyle,Women,US 7,Pink,Primeknit,$140.00 ,63,$209.99,Milan
727,Reebok,Nano X1,Training,Men,US 11,Black,Flexweave,$130.00 ,45,$209.99,Turin
728,Converse,Jack Purcell,Casual,Men,US 9,White,Canvas,$65.00 ,25,$199.99,Genoa
729,Puma,Clyde All-Pro,Basketball,Men,US 10.5,Black,Leather,$130.00 ,49,$149.99,Rome
730,Vans,Sk8-Hi,Skate,Women,US 8,Black/White,Suede/Canvas,$65.00 ,41,$129.99,Bologna
731,New Balance,327,Lifestyle,Men,US 9.5,Grey,Suede/Mesh,$90.00 ,95,$249.99,Bologna
732,Asics,Gel-Quantum 360 6,Running,Women,US 8.5,Black/Pink,Mesh/Synthetic,$160.00 ,87,$289.99,Genoa
733,Fila,Mindblower,Fashion,Men,US 10,White/Black,Leather/Synthetic,$75.00 ,21,$89.99,Rome
734,Skechers,Max Cushioning Elite,Running,Women,US 7,Grey/Pink,Mesh,$90.00 ,30,$269.99,Bari
735,Nike,ZoomX Invincible,Running,Men,US 10.5,Blue,Mesh,$180.00 ,100,$209.99,Naples
736,Adidas,Harden Vol. 5,Basketball,Women,US 8.5,Purple,Synthetic,$130.00 ,88,$289.99,Bologna
737,Reebok,Classic Nylon,Casual,Men,US 12,Navy,Nylon,$60.00 ,52,$219.99,Bologna
738,Converse,Chuck 70,Casual,Women,US 7,Ivory,Canvas,$85.00 ,8,$279.99,Bari
739,Puma,Suede Classic+,Casual,Men,US 8.5,Black/White,Suede,$65.00 ,30,$169.99,Florence
740,Vans,Era,Skate,Men,US 9.5,Red,Canvas,$50.00 ,66,$119.99,Palermo
741,New Balance,FuelCell Prism,Running,Women,US 9.5,Black,Mesh,$90.00 ,90,$269.99,Rome
742,Asics,Gel-Excite 8,Running,Men,US 9,Grey/Black,Mesh,$75.00 ,7,$239.99,Turin
743,Fila,Spaghetti,Fashion,Women,US 7,White,Leather/Synthetic,$70.00 ,2,$129.99,Bari
744,Skechers,D'Lites Fresh Start,Walking,Men,US 10.5,Black,Leather,$60.00 ,37,$289.99,Catania
745,Nike,Air Force 1,Casual,Men,US 11,White,Leather,$90.00 ,99,$169.99,Bari
746,Adidas,NMD_R1,Lifestyle,Women,US 8,Black,Primeknit,$140.00 ,25,$159.99,Catania
747,Reebok,Nano 9,Training,Men,US 10.5,Red,Mesh,$130.00 ,95,$239.99,Naples
748,Converse,Jack Purcell,Casual,Women,US 7.5,White,Canvas,$65.00 ,71,$129.99,Florence
749,Puma,Calibrate Runner,Running,Men,US 8.5,Black,Mesh,$90.00 ,61,$269.99,Genoa
750,Vans,Sk8-Hi,Skate,Women,US 9,Purple,Suede/Canvas,$65.00 ,85,$159.99,Naples
751,New Balance,Fresh Foam More v3,Running,Women,US 9,Grey,Mesh,$160.00 ,89,$259.99,Genoa
752,Asics,Gel-Kahana 8,Running,Men,US 9.5,Blue,Mesh,$85.00 ,80,$219.99,Florence
753,Fila,Tracer,Fashion,Women,US 7.5,White,Synthetic,$65.00 ,16,$199.99,Milan
754,Skechers,Summits,Walking,Men,US 12,Black,Mesh,$65.00 ,59,$209.99,Bari
755,Nike,Epic React Flyknit,Running,Women,US 7.5,Grey,Flyknit,$150.00 ,46,$259.99,Palermo
756,Adidas,Ultraboost 4.0,Running,Men,US 11,Black,Primeknit,$180.00 ,90,$199.99,Bologna
757,Reebok,Legacy Lifter,Weightlifting,Men,US 9,White/Black,Synthetic,$200.00 ,43,$299.99,Turin
758,Converse,All Star Pro BB,Basketball,Women,US 7,Green,Leather,$100.00 ,71,$169.99,Catania
759,Puma,Cell Venom,Lifestyle,Men,US 10,Grey,Leather,$90.00 ,93,$219.99,Bari
760,Vans,Slip-On,Casual,Women,US 6.5,Checkerboard,Canvas,$50.00 ,86,$99.99,Palermo
761,New Balance,574,Casual,Men,US 12,Burgundy,Suede/Mesh,$80.00 ,75,$209.99,Milan
762,Asics,Gel-Quantum 360 6,Running,Women,US 8.5,Pink,Mesh,$150.00 ,52,$259.99,Genoa
763,Nike,Air Max 95,Running,Men,US 9,Grey,Leather/Synthetic,$170.00 ,49,$189.99,Bari
764,Adidas,NMD_R1,Lifestyle,Women,US 7.5,Pink,Primeknit,$140.00 ,23,$259.99,Turin
765,Reebok,Nano X1,Training,Men,US 11,Black,Mesh,$130.00 ,95,$259.99,Bari
766,Converse,Jack Purcell,Casual,Men,US 8,White,Canvas,$65.00 ,68,$239.99,Florence
767,Puma,Calibrate Rest,Running,Women,US 8.5,Black,Mesh,$100.00 ,41,$119.99,Bari
768,Vans,SK8-Hi,Skate,Men,US 9.5,Red,Suede/Canvas,$70.00 ,92,$179.99,Genoa
769,New Balance,327,Lifestyle,Women,US 6.5,Grey,Suede/Mesh,$100.00 ,51,$239.99,Milan
770,Asics,Gel-Quantum 360 6,Running,Men,US 10.5,Black,Mesh,$180.00 ,4,$279.99,Genoa
771,Fila,Original Fitness,Casual,Women,US 9,White,Leather,$70.00 ,34,$99.99,Bari
772,Skechers,Max Cushioning,Running,Men,US 10,Blue,Mesh,$90.00 ,88,$209.99,Milan
773,Nike,React Infinity Run Flyknit,Running,Women,US 8,Blue,Flyknit,$160.00 ,48,$269.99,Bari
774,Adidas,Yeezy Boost 350 V2,Lifestyle,Men,US 9,Cream White,Primeknit,$220.00 ,73,$279.99,Rome
775,Reebok,Classic Nylon,Casual,Women,US 7.5,Pink,Nylon,$65.00 ,20,$209.99,Florence
776,Converse,Chuck 70,Casual,Men,US 9,Black,Canvas,$85.00 ,2,$269.99,Palermo
777,Puma,Clyde All-Pro,Basketball,Women,US 7.5,White,Leather,$130.00 ,47,$189.99,Genoa
778,Vans,Era,Skate,Men,US 10,Black/White,Canvas,$55.00 ,64,$89.99,Turin
779,New Balance,574,Lifestyle,Women,US 8,Grey,Suede/Textile,$80.00 ,26,$169.99,Florence
780,Asics,Gel-Excite 8,Running,Men,US 9.5,Blue,Mesh,$70.00 ,7,$259.99,Naples
781,Fila,F-13,Fashion,Men,US 11,Black,Leather,$65.00 ,98,$89.99,Catania
782,Skechers,Go Walk 5,Walking,Women,US 6.5,Black,Mesh,$60.00 ,31,$79.99,Genoa
783,Nike,Air Force 1,Casual,Men,US 8.5,White,Leather,$90.00 ,88,$269.99,Catania
784,Nike,Air Force 1,Casual,Men,US 9,White,Leather,$90.00 ,31,$249.99,Florence
785,Adidas,NMD_R1,Casual,Women,US 7,Black,Primeknit,$130.00 ,83,$179.99,Genoa
786,Reebok,Zig Kinetica II,Running,Men,US 10,White,Mesh,$120.00 ,26,$229.99,Bari
787,Converse,Jack Purcell,Casual,Women,US 8.5,Navy,Canvas,$75.00 ,53,$89.99,Turin
788,Puma,Calibrate Runner,Running,Men,US 9.5,Black,Mesh,$90.00 ,23,$249.99,Genoa
789,Vans,Sk8-Hi,Skate,Men,US 8.5,Black/White,Suede/Canvas,$70.00 ,53,$209.99,Turin
790,New Balance,FuelCell Rebel v2,Running,Women,US 8.5,Black/Pink,Mesh,$130.00 ,8,$179.99,Bologna
791,Asics,Gel-Quantum 90,Running,Men,US 11,Grey,Mesh,$80.00 ,12,$149.99,Catania
792,Fila,Mindblower,Fashion,Women,US 7,White,Synthetic,$75.00 ,10,$179.99,Turin
793,Skechers,GOwalk 5,Walking,Men,US 9,Black,Mesh,$65.00 ,55,$209.99,Palermo
794,Nike,Zoom Pegasus 38,Running,Women,US 8.5,Blue,Mesh,$120.00 ,87,$219.99,Milan
795,Adidas,Yeezy Boost 350 V2,Casual,Men,US 11,Cream White,Primeknit,$220.00 ,78,$279.99,Florence
796,Reebok,Classic Nylon,Casual,Women,US 7.5,Pink,Nylon,$65.00 ,39,$239.99,Rome
797,Converse,Chuck 70,Casual,Men,US 9,Red,Canvas,$85.00 ,18,$109.99,Naples
798,Puma,Suede Classic,Fashion,Women,US 6,Black,Suede,$65.00 ,21,$139.99,Milan
799,Vans,Era,Skate,Men,US 8,Grey,Canvas,$50.00 ,64,$279.99,Rome
800,New Balance,Fresh Foam Beacon v3,Running,Women,US 9,Grey,Mesh,$120.00 ,93,$149.99,Florence
801,Asics,Gel-Kayano 27,Running,Men,US 10,Black,Mesh,$160.00 ,5,$259.99,Bologna
802,Fila,Disruptor III,Fashion,Women,US 8.5,White,Synthetic,$75.00 ,35,$189.99,Bari
803,Skechers,Max Cushioning,Running,Men,US 9.5,Blue,Mesh,$90.00 ,16,$179.99,Bologna
804,Nike,Air Max 90,Casual,Women,US 7.5,Green,Leather,$120.00 ,2,$299.99,Florence
805,Nike,Air Max 97,Running,Men,US 11,Silver,Synthetic/Leather,$170.00 ,94,$269.99,Genoa
806,Adidas,Superstar,Casual,Women,US 8.5,White/Black,Leather,$80.00 ,31,$269.99,Bologna
807,Reebok,Zig Kinetica II,Running,Men,US 9,Grey,Mesh,$120.00 ,89,$139.99,Palermo
808,Converse,Chuck 70,Casual,Men,US 12,Beige,Canvas,$85.00 ,32,$109.99,Turin
809,Puma,Calibrate Runner,Running,Women,US 7.5,Black/White,Mesh,$90.00 ,99,$159.99,Milan
810,Vans,Sk8-Hi,Skate,Men,US 9,Black/White,Suede/Canvas,$70.00 ,9,$159.99,Bologna
811,New Balance,574,Casual,Women,US 7.5,Grey,Suede,$80.00 ,22,$229.99,Florence
812,Asics,Gel-Kayano 27,Running,Men,US 12,Black,Mesh,$160.00 ,43,$169.99,Palermo
813,Fila,Mindblower,Fashion,Women,US 9.5,Grey/Pink,Synthetic,$75.00 ,20,$89.99,Genoa
814,Skechers,Summits - New World,Walking,Men,US 10,Black,Mesh,$59.00 ,94,$189.99,Florence
815,Nike,Air Force 1,Casual,Women,US 8,White,Leather,$90.00 ,89,$199.99,Genoa
816,Adidas,Adizero Adios 5,Running,Men,US 10.5,Blue,Mesh,$140.00 ,81,$259.99,Catania
817,Reebok,Nano 9,Training,Women,US 7,Black/White,Synthetic,$130.00 ,31,$269.99,Florence
818,Converse,Jack Purcell,Casual,Men,US 8.5,Navy,Canvas,$65.00 ,47,$109.99,Genoa
819,Puma,Clyde All-Pro,Basketball,Women,US 7.5,White,Leather,$130.00 ,73,$259.99,Milan
820,Vans,Slip-On,Casual,Men,US 10,Black/White,Canvas,$50.00 ,11,$149.99,Bologna
821,New Balance,FuelCell Propel V3,Running,Women,US 8.5,Pink/White,Mesh,$100.00 ,62,$149.99,Milan
822,Asics,Gel-Quantum 180,Running,Men,US 11.5,Black,Mesh,$120.00 ,34,$249.99,Bari
823,Fila,Ray Tracer Evo,Fashion,Women,US 8,White,Synthetic,$65.00 ,61,$159.99,Turin
824,Skechers,GOrun Razor Excess,Running,Men,US 9,Black/Yellow,Mesh,$125.00 ,36,$169.99,Palermo
825,Nike,Zoom Pegasus 38,Running,Women,US 7.5,Pink,Mesh,$120.00 ,83,$259.99,Milan
826,Nike,Blazer Mid '77,Casual,Men,US 10,White/Black,Leather,$100.00 ,80,$169.99,Bari
827,Adidas,NMD_R1,Running,Women,US 7.5,Grey/Pink,Primeknit,$140.00 ,40,$269.99,Catania
828,Reebok,Nano 9,Crossfit,Men,US 11.5,Black,Mesh,$130.00 ,12,$189.99,Milan
829,Converse,Jack Purcell,Casual,Women,US 8.5,White,Canvas,$65.00 ,78,$139.99,Genoa
830,Puma,Calibrate Runner,Running,Men,US 9.5,Black/Yellow,Mesh,$120.00 ,6,$299.99,Catania
831,Vans,SK8-Hi,Skate,Men,US 9,Black/White,Suede/Canvas,$65.00 ,79,$229.99,Naples
832,New Balance,327,Casual,Women,US 7.5,Purple,Suede/Leather,$100.00 ,49,$209.99,Florence
833,Asics,Gel-Cumulus 23,Running,Men,US 10,Blue/Black,Mesh,$120.00 ,21,$239.99,Palermo
834,Fila,F-13,Casual,Women,US 9,White,Leather,$80.00 ,25,$139.99,Palermo
835,Skechers,Go Walk 6,Walking,Men,US 10.5,Black/Grey,Mesh,$60.00 ,100,$289.99,Bologna
836,Nike,Air Force 1,Casual,Women,US 8,White,Leather,$90.00 ,53,$189.99,Rome
837,Adidas,Superstar,Casual,Men,US 10,Black/White,Leather,$85.00 ,46,$269.99,Turin
838,Reebok,Classic Nylon,Casual,Women,US 7,Pink,Nylon,$60.00 ,50,$169.99,Genoa
839,Converse,Chuck 70,Casual,Men,US 11,Grey,Canvas,$85.00 ,66,$179.99,Turin
840,Puma,Clyde All-Pro,Basketball,Women,US 7.5,White,Leather,$130.00 ,70,$169.99,Catania
841,Vans,Slip-On,Casual,Men,US 8.5,Black/White,Canvas,$50.00 ,12,$289.99,Turin
842,New Balance,574,Casual,Women,US 8.5,Navy,Suede/Leather,$80.00 ,37,$239.99,Genoa
843,Asics,GT-2000 9,Running,Men,US 9.5,Black,Mesh,$120.00 ,30,$169.99,Palermo
844,Fila,Grant Hill 2,Basketball,Women,US 8,White/Navy,Leather,$95.00 ,63,$229.99,Catania
845,Skechers,Elite Flex,Walking,Men,US 9.5,Grey,Knit,$70.00 ,83,$269.99,Bari
846,Nike,Air Force 1,Casual,Men,US 9,White,Leather,$90.00 ,80,$249.99,Catania
847,Adidas,NMD_R1,Lifestyle,Women,US 7,Grey,Primeknit,$140.00 ,2,$289.99,Genoa
848,Reebok,Nano X1,Training,Men,US 11.5,Black,Mesh,$130.00 ,52,$229.99,Bari
849,Converse,Chuck 70,Casual,Women,US 8.5,Cream,Canvas,$85.00 ,80,$109.99,Bari
850,Puma,Suede Classic,Casual,Men,US 10.5,Black/White,Suede,$65.00 ,6,$199.99,Genoa
851,Vans,Sk8-Hi,Skate,Men,US 8,Black/White,Canvas,$70.00 ,99,$189.99,Bologna
852,New Balance,327,Lifestyle,Women,US 8,White/Grey,Suede/Mesh,$90.00 ,9,$279.99,Florence
853,Asics,Gel-Quantum 90,Running,Men,US 10,Grey,Mesh,$80.00 ,67,$259.99,Palermo
854,Fila,Mindblower,Fashion,Women,US 7,Pink,Leather/Synthetic,$75.00 ,32,$289.99,Bologna
855,Skechers,Max Cushioning,Walking,Men,US 9.5,Black,Mesh,$80.00 ,29,$199.99,Turin
856,Nike,React Infinity Run Flyknit 2,Running,Women,US 6.5,Pink,Flyknit,$160.00 ,98,$239.99,Milan
857,Adidas,Ultraboost DNA,Running,Men,US 9.5,White,Primeknit,$180.00 ,64,$279.99,Turin
858,Reebok,Zig Kinetica II,Running,Women,US 8,Blue,Mesh,$120.00 ,65,$199.99,Rome
859,Converse,Jack Purcell,Casual,Men,US 9,White,Canvas,$65.00 ,93,$149.99,Genoa
860,Puma,Calibrate Runner,Running,Women,US 7,Grey,Mesh,$90.00 ,33,$279.99,Catania
861,Vans,Era,Skate,Men,US 10,Black,Canvas,$50.00 ,29,$249.99,Milan
862,New Balance,Fresh Foam Hierro v6,Trail Running,Men,US 11.5,Green,Synthetic/Mesh,$135.00 ,47,$229.99,Rome
863,Asics,Gel-Kayano 27,Running,Women,US 8.5,Blue,Mesh,$160.00 ,35,$189.99,Naples
864,Fila,Ray Tracer Evo,Fashion,Men,US 11,Black/White,Synthetic,$75.00 ,26,$89.99,Catania
865,Skechers,Go Run Mojo,Running,Women,US 7.5,Black,Mesh,$60.00 ,22,$179.99,Catania
866,Nike,Air Force 1,Casual,Men,US 11,White,Leather,$90.00 ,23,$219.99,Palermo
867,Adidas,NMD_R1,Running,Women,US 7,Pink,Primeknit,$130.00 ,51,$149.99,Bari
868,Reebok,Nano 9,Training,Men,US 10.5,Black,Mesh,$130.00 ,78,$219.99,Palermo
869,Converse,Jack Purcell,Casual,Women,US 8.5,White,Canvas,$65.00 ,5,$209.99,Rome
870,Puma,Clyde All-Pro,Basketball,Men,US 9,Black,Leather,$130.00 ,27,$219.99,Palermo
871,Vans,Sk8-Hi,Skate,Women,US 7.5,Black/White,Suede/Canvas,$70.00 ,16,$119.99,Milan
872,New Balance,327,Casual,Men,US 9,Navy,Suede/Mesh,$100.00 ,13,$219.99,Palermo
873,Asics,Gel-Kinsei OG,Running,Women,US 7,White,Mesh,$180.00 ,7,$209.99,Palermo
874,Fila,Venom,Fashion,Men,US 11,Grey,Synthetic,$75.00 ,59,$229.99,Bari
875,Skechers,GOrun 7+,Running,Women,US 8,Black/Pink,Mesh,$95.00 ,1,$179.99,Rome
876,Nike,Blazer Mid '77,Casual,Men,US 12,White,Leather,$100.00 ,77,$239.99,Florence
877,Adidas,Ultraboost DNA,Running,Women,US 6,Blue,Primeknit,$180.00 ,76,$289.99,Catania
878,Reebok,Classic Nylon,Casual,Men,US 9.5,Black,Nylon,$65.00 ,24,$269.99,Bari
879,Converse,Chuck 70,Casual,Women,US 9,Cream,Canvas,$85.00 ,53,$269.99,Florence
880,Puma,Calibrate Runner,Running,Men,US 10,Black/Yellow,Mesh,$120.00 ,31,$289.99,Bologna
881,Vans,Era,Skate,Women,US 6.5,Red,Canvas,$50.00 ,1,$69.99,Rome
882,New Balance,FuelCell Rebel V2,Running,Men,US 11,Black/Yellow,Mesh,$110.00 ,48,$169.99,Naples
883,Asics,Gel-Venture 8,Trail Running,Women,US 8,Grey,Mesh,$70.00 ,14,$139.99,Palermo
884,Fila,Original Fitness,Casual,Men,US 10,White,Leather,$70.00 ,33,$279.99,Bari
885,Skechers,Max Cushioning Premier,Walking,Women,US 7,Grey,Mesh,$80.00 ,97,$129.99,Rome
886,Nike,React Infinity Run Flyknit,Running,Men,US 10.5,Blue,Flyknit,$160.00 ,34,$249.99,Palermo
887,Nike,React Infinity Run Flyknit,Running,Women,US 7,Black,Flyknit,$160.00 ,42,$209.99,Milan
888,Adidas,Superstar,Casual,Men,US 10.5,White/Gold,Leather/Synthetic,$85.00 ,16,$199.99,Milan
889,Reebok,Nano X1,Training,Women,US 8.5,Pink,Flexweave/Synthetic,$130.00 ,100,$159.99,Milan
890,Converse,Chuck 70,Casual,Men,US 11.5,Yellow,Canvas,$85.00 ,12,$109.99,Genoa
891,Puma,Calibrate Runner,Running,Women,US 9,Grey,Mesh,$80.00 ,51,$239.99,Bologna
892,Vans,Sk8-Hi,Skate,Men,US 9,Black/White,Canvas/Suede,$65.00 ,15,$169.99,Rome
893,New Balance,327,Lifestyle,Women,US 7,Blue,Suede/Mesh,$90.00 ,72,$219.99,Milan
894,Asics,Gel-Quantum 90,Running,Men,US 9,Black/White,Mesh/Synthetic,$80.00 ,83,$119.99,Palermo
895,Fila,Mindblower,Fashion,Women,US 8,Pink,Leather/Synthetic,$70.00 ,46,$179.99,Bologna
896,Skechers,Go Run Mojo,Running,Men,US 8,Black,Mesh,$60.00 ,55,$189.99,Bari
897,Nike,Air Force 1,Casual,Women,US 8.5,White,Leather,$90.00 ,27,$119.99,Palermo
898,Adidas,NMD_R1,Casual,Men,US 9.5,Black/White,Mesh,$130.00 ,89,$209.99,Florence
899,Reebok,Floatride Energy 3,Running,Women,US 6.5,Black,Mesh,$100.00 ,85,$229.99,Naples
900,Converse,All Star Pro BB,Basketball,Men,US 12,Red,Leather/Synthetic,$120.00 ,21,$149.99,Florence
901,Puma,RS-2K,Lifestyle,Women,US 7.5,White,Leather/Synthetic,$110.00 ,1,$209.99,Turin
902,Vans,Era,Skate,Men,US 8,Navy,Canvas,$50.00 ,67,$229.99,Bari
903,New Balance,FuelCell Rebel v2,Running,Women,US 8.5,Pink,Mesh/Synthetic,$130.00 ,43,$189.99,Milan
904,Asics,Gel-Kayano 27,Running,Men,US 10,Black,Mesh/Synthetic,$160.00 ,40,$199.99,Bologna
905,Fila,Trigate,Fashion,Women,US 9,Black,Leather/Synthetic,$65.00 ,7,$109.99,Bari
906,Skechers,Go Walk 6,Walking,Men,US 9.5,Black,Mesh,$60.00 ,3,$179.99,Milan
907,Nike,Air Force 1 '07,Casual,Men,US 11,White,Leather,$90.00 ,33,$229.99,Bologna
908,Adidas,NMD_R1,Lifestyle,Women,US 8,Pink/White,Primeknit,$130.00 ,39,$209.99,Milan
909,Reebok,Nano X,Crossfit,Men,US 10.5,Black,Synthetic,$130.00 ,17,$249.99,Rome
910,Converse,Chuck 70 High Top,Casual,Men,US 9.5,Black/White,Canvas,$85.00 ,55,$99.99,Milan
911,Puma,Calibrate Runner,Running,Women,US 9,Blue/White,Mesh,$90.00 ,97,$199.99,Bologna
912,Vans,Sk8-Hi,Skate,Men,US 10,Black/White,Suede/Canvas,$70.00 ,21,$299.99,Bari
913,New Balance,327,Lifestyle,Women,US 7.5,Green,Suede/Nylon,$90.00 ,14,$209.99,Florence
914,Asics,Gel-Kayano 27,Running,Men,US 9.5,Grey,Mesh,$160.00 ,49,$209.99,Bologna
915,Fila,Mindblower,Fashion,Women,US 7.5,White/Blue,Leather/Synthetic,$75.00 ,23,$189.99,Bologna
916,Skechers,Elite Flex Wasick,Training,Men,US 8,Navy,Mesh,$65.00 ,93,$149.99,Genoa
917,Nike,Air Zoom Pegasus 38,Running,Women,US 6.5,Grey/Pink,Mesh,$120.00 ,63,$259.99,Milan
918,Adidas,Ultraboost DNA,Running,Men,US 11.5,Black/White,Primeknit,$180.00 ,30,$239.99,Florence
919,Reebok,Club C Revenge,Casual,Women,US 8.5,Pink/White,Leather,$80.00 ,4,$149.99,Bari
920,Converse,Jack Purcell,Casual,Men,US 9,Navy,Canvas,$65.00 ,78,$159.99,Rome
921,Puma,Clyde All-Pro,Basketball,Women,US 7,Black/White,Leather,$130.00 ,16,$289.99,Catania
922,Vans,Era,Skate,Men,US 9.5,Red,Canvas,$50.00 ,6,$169.99,Catania
923,New Balance,FuelCell Propel V3,Running,Women,US 8.5,Black,Mesh,$90.00 ,3,$209.99,Genoa
924,Asics,Gel-Nimbus Lite 2,Running,Men,US 10,Black,Mesh,$150.00 ,94,$239.99,Bologna
925,Fila,V94M,Fashion,Women,US 8.5,White/Blue,Leather/Synthetic,$75.00 ,89,$219.99,Bologna
926,Nike,Air Force 1 '07,Casual,Men,US 11,White,Leather,$90.00 ,7,$229.99,Bologna
927,Adidas,NMD_R1,Lifestyle,Women,US 8,Pink/White,Primeknit,$130.00 ,36,$179.99,Bologna
928,Reebok,Nano X,Crossfit,Men,US 10.5,Black,Synthetic,$130.00 ,51,$199.99,Bologna
929,Converse,Chuck 70 High Top,Casual,Men,US 9.5,Black/White,Canvas,$85.00 ,39,$259.99,Bologna
930,Puma,Calibrate Runner,Running,Women,US 9,Blue/White,Mesh,$90.00 ,10,$159.99,Bologna
931,Vans,Sk8-Hi,Skate,Men,US 10,Black/White,Suede/Canvas,$70.00 ,81,$249.99,Bologna
932,New Balance,327,Lifestyle,Women,US 7.5,Green,Suede/Nylon,$90.00 ,75,$199.99,Turin
933,Asics,Gel-Kayano 27,Running,Men,US 9.5,Grey,Mesh,$160.00 ,23,$259.99,Naples
934,Fila,Mindblower,Fashion,Women,US 7.5,White/Blue,Leather/Synthetic,$75.00 ,35,$209.99,Naples
935,Skechers,Elite Flex Wasick,Training,Men,US 8,Navy,Mesh,$65.00 ,97,$179.99,Bologna
936,Nike,Air Zoom Pegasus 38,Running,Women,US 6.5,Grey/Pink,Mesh,$120.00 ,6,$229.99,Bari
937,Adidas,Ultraboost DNA,Running,Men,US 11.5,Black/White,Primeknit,$180.00 ,91,$199.99,Catania
938,Reebok,Club C Revenge,Casual,Women,US 8.5,Pink/White,Leather,$80.00 ,76,$179.99,Genoa
939,Converse,Jack Purcell,Casual,Men,US 9,Navy,Canvas,$65.00 ,89,$219.99,Milan
940,Puma,Clyde All-Pro,Basketball,Women,US 7,Black/White,Leather,$130.00 ,77,$229.99,Florence
941,Vans,Era,Skate,Men,US 9.5,Red,Canvas,$50.00 ,23,$199.99,Catania
942,New Balance,FuelCell Propel V3,Running,Women,US 8.5,Black,Mesh,$90.00 ,38,$249.99,Catania
943,Asics,Gel-Nimbus Lite 2,Running,Men,US 10,Black,Mesh,$150.00 ,63,$169.99,Naples
944,Fila,V94M,Fashion,Women,US 8.5,White/Blue,Leather/Synthetic,$75.00 ,73,$259.99,Rome
945,Nike,Air Force 1,Casual,Men,US 11,White,Leather,$90.00 ,44,$239.99,Turin
946,Adidas,NMD_R1,Lifestyle,Women,US 7.5,Pink,Primeknit,$130.00 ,37,$249.99,Genoa
947,Reebok,Nano X1,Crossfit,Men,US 9.5,Grey,Knit,$130.00 ,40,$149.99,Naples
948,Converse,Chuck 70,Casual,Women,US 9.5,Black,Canvas,$85.00 ,60,$109.99,Turin
949,Puma,Calibrate,Running,Men,US 10,Grey,Mesh,$120.00 ,10,$229.99,Catania
950,Vans,SK8-Hi,Skate,Men,US 8,Red/White,Suede/Canvas,$70.00 ,77,$269.99,Bari
951,New Balance,327,Lifestyle,Women,US 6.5,Purple,Suede/Mesh,$100.00 ,67,$219.99,Bologna
952,Asics,Gel-Quantum 180,Running,Men,US 11.5,Black,Mesh,$120.00 ,52,$249.99,Milan
953,Fila,Trailblazer,Fashion,Women,US 8,Brown,Leather,$75.00 ,17,$99.99,Genoa
954,Skechers,Max Cushioning,Running,Women,US 7.5,Navy,Mesh,$90.00 ,70,$109.99,Naples
955,Nike,Air Zoom Pegasus 38,Running,Men,US 9.5,Blue,Mesh,$120.00 ,73,$169.99,Genoa
956,Adidas,Superstar,Casual,Women,US 8.5,White/Black,Leather,$85.00 ,94,$149.99,Florence
957,Reebok,Classic Nylon,Casual,Men,US 10,Grey,Nylon,$65.00 ,15,$129.99,Naples
958,Converse,Jack Purcell,Casual,Men,US 9.5,White,Canvas,$65.00 ,93,$169.99,Bologna
959,Puma,RS-2K,Lifestyle,Women,US 7.5,Black,Mesh/Suede,$110.00 ,28,$279.99,Naples
960,Vans,Slip-On,Skate,Men,US 9,Black/White,Canvas,$50.00 ,70,$89.99,Palermo
961,New Balance,FuelCell Rebel v2,Running,Women,US 9,Green/Black,Mesh,$130.00 ,7,$219.99,Palermo
962,Asics,Gel-Kayano Lite,Running,Men,US 9,Grey,Mesh,$160.00 ,67,$279.99,Bologna
963,Fila,Mindblower,Fashion,Women,US 7.5,White,Leather,$75.00 ,56,$189.99,Milan
964,Skechers,D'Lites,Walking,Men,US 11,White,Leather,$65.00 ,24,$109.99,Bologna
965,Nike,Air Max 97,Running,Women,US 8,Silver,Leather/Synthetic,$170.00 ,28,$189.99,Catania
966,Nike,Air Force 1,Lifestyle,Men,US 11,White,Leather,$90.00 ,16,$109.99,Florence
967,Adidas,Yeezy Boost 350,Lifestyle,Women,US 8.5,Clay Brown,Primeknit,$220.00 ,14,$239.99,Catania
968,Reebok,Nano X,Training,Men,US 9.5,Black/Red,Synthetic/Mesh,$130.00 ,65,$159.99,Naples
969,Converse,Chuck 70,Casual,Women,US 7,Natural Ivory,Canvas,$85.00 ,56,$129.99,Genoa
970,Puma,Cali Sport,Lifestyle,Men,US 10,Black/White,Leather/Synthetic,$80.00 ,74,$249.99,Catania
971,Vans,Sk8-Hi,Skate,Women,US 9,Red/White,Suede/Canvas,$70.00 ,66,$199.99,Bologna
972,New Balance,FuelCell Rebel v2,Running,Men,US 8.5,Blue/Orange,Mesh,$130.00 ,44,$279.99,Rome
973,Asics,Gel-Cumulus 23,Running,Women,US 7.5,White/Black,Mesh,$120.00 ,47,$279.99,Palermo
974,Fila,D-Formation,Fashion,Men,US 11,White/Navy,Leather/Synthetic,$65.00 ,84,$139.99,Palermo
975,Skechers,Max Cushioning Premier,Running,Women,US 6.5,Black/White,Mesh,$90.00 ,54,$219.99,Bari
976,Nike,Air Zoom Pegasus 38,Running,Men,US 12,Black,Mesh,$120.00 ,26,$219.99,Florence
977,Adidas,Superstar,Casual,Women,US 7.5,Cloud White,Leather,$80.00 ,4,$259.99,Turin
978,Reebok,Classic Nylon,Casual,Men,US 10.5,Collegiate Navy,Nylon/Suede,$65.00 ,34,$269.99,Catania
979,Converse,Jack Purcell,Casual,Women,US 8,Black/White,Canvas,$65.00 ,3,$129.99,Palermo
980,Puma,Suede Classic,Lifestyle,Men,US 8.5,Black/White,Suede,$65.00 ,5,$259.99,Genoa
981,Vans,Era,Skate,Women,US 6,Black/White,Canvas,$50.00 ,40,$59.99,Naples
982,New Balance,Fresh Foam Hierro v6,Trail,Men,US 10,Black/Red,Mesh/Synthetic,$135.00 ,37,$219.99,Genoa
983,Asics,Gel-Excite 8,Running,Women,US 9,Black,Mesh,$75.00 ,95,$199.99,Genoa
984,Fila,Mindblower,Fashion,Men,US 12,White/Navy/Red,Synthetic/Leather,$65.00 ,100,$159.99,Rome
985,Nike,Air Force 1,Casual,Men,US 9,White,Leather,$90.00 ,74,$289.99,Turin
986,Adidas,NMD_R1,Lifestyle,Women,US 8,Black,Primeknit,$140.00 ,82,$179.99,Naples
987,Reebok,Nano X,Crossfit,Men,US 10.5,Black,Mesh,$130.00 ,38,$279.99,Catania
988,Converse,Jack Purcell,Casual,Men,US 8.5,White,Canvas,$70.00 ,64,$179.99,Catania
989,Puma,Calibrate Runner,Running,Women,US 7,Grey,Mesh,$80.00 ,71,$189.99,Bari
990,Vans,Sk8-Hi,Skate,Men,US 10.5,Black/White,Canvas/Suede,$70.00 ,80,$289.99,Turin
991,New Balance,FuelCell Rebel v2,Running,Women,US 9,White/Green,Mesh,$130.00 ,47,$189.99,Turin
992,Asics,Gel-Quantum 360 6,Running,Men,US 9.5,Blue,Mesh,$150.00 ,22,$219.99,Bari
993,Fila,Mindblower,Fashion,Women,US 8.5,Pink,Leather,$80.00 ,63,$119.99,Catania
994,Skechers,Go Walk 5,Walking,Men,US 11,Black,Mesh,$65.00 ,14,$129.99,Rome
995,Nike,React Infinity Run Flyknit 2,Running,Women,US 8.5,Pink,Flyknit,$160.00 ,53,$189.99,Naples
996,Adidas,Ultraboost DNA,Running,Men,US 8.5,White,Primeknit,$180.00 ,26,$229.99,Turin
997,Reebok,Aztrek 96,Casual,Women,US 7.5,Yellow,Leather/Synthetic,$90.00 ,50,$179.99,Naples
998,Converse,Chuck 70,Casual,Men,US 7,Red,Canvas,$85.00 ,75,$129.99,Naples
999,Puma,Mirage Sport,Lifestyle,Women,US 6,Pink,Leather,$90.00 ,91,$279.99,Milan
1000,Vans,Era,Skate,Men,US 9.5,Black/White,Canvas,$50.00 ,27,$219.99,Milan
1001,New Balance,Fresh Foam 880v11,Running,Women,US 10,Grey,Mesh,$130.00 ,69,$229.99,Genoa
1002,Asics,Gel-Kayano Lite,Running,Men,US 9.5,Black,Mesh,$160.00 ,31,$219.99,Rome
1003,Fila,Venom 94,Fashion,Women,US 7.5,White,Leather,$70.00 ,60,$109.99,Milan
1004,Skechers,Summits,Training,Men,US 8,Grey,Mesh,$55.00 ,25,$109.99,Catania
1005,Nike,Air Max 97,Running,Women,US 7.5,Silver,Leather,$170.00 ,5,$189.99,Bologna
