index,Brand,Model,Type,Gender,Size,Color,Material,Price (USD),Number of Items Sold,Selling Price,City
0,Nike,Air Jordan 1,Basketball,Men,US 10,Red/Black,Leather,$170.00 ,85,$299.99,Florence
1,Adidas,Ultra Boost 21,Running,Men,US 9.5,Black,Primeknit,$180.00 ,78,$229.99,Catania
2,Reebok,Classic Leather,Casual,Men,US 11,White,Leather,$75.00 ,95,$189.99,Catania
3,Converse,Chuck Taylor,Casual,Women,US 8,Navy,Canvas,$55.00 ,45,$179.99,Palermo
4,Puma,Future Rider,Lifestyle,Women,US 7.5,Pink,Mesh,$80.00 ,30,$109.99,Milan
5,Vans,Old Skool,Skate,Men,US 8.5,Black/White,Suede/Canvas,$65.00 ,84,$119.99,Bari
6,New Balance,990v5,Running,Women,US 6.5,Grey,Suede/Mesh,$175.00 ,66,$259.99,Turin
7,Asics,Gel-Kayano 28,Running,Men,US 10.5,Blue,Mesh,$160.00 ,30,$249.99,Florence
8,Fila,Disruptor II,Fashion,Women,US 9,White,Leather/Synthetic,$65.00 ,43,$109.99,Palermo
9,Skechers,Go Run Razor 3,Running,Men,US 9,Black,Mesh,$110.00 ,3,$129.99,Turin
10,Nike,Air Max 270,Running,Women,US 7,Pink,Mesh,$150.00 ,88,$269.99,Genoa
11,Adidas,Stan Smith,Casual,Men,US 9,White/Green,Leather,$80.00 ,9,$169.99,Naples
12,Reebok,Club C 85,Casual,Women,US 8.5,Pink,Leather,$70.00 ,65,$109.99,Naples
13,Converse,One Star,Skate,Men,US 10,Black,Suede,$75.00 ,81,$209.99,Bologna
14,Puma,RS-Fast,Lifestyle,Men,US 9.5,Yellow,Leather/Synthetic,$110.00 ,32,$129.99,Bologna
15,Vans,Authentic,Skate,Women,US 6,White,Canvas,$50.00 ,67,$149.99,Genoa
16,New Balance,Fresh Foam 1080v11,Running,Men,US 11.5,Blue,Mesh,$150.00 ,41,$209.99,Bari
17,Asics,Gel-Nimbus 23,Running,Women,US 8,Purple,Mesh,$150.00 ,89,$199.99,Rome
18,Fila,Ray Tracer,Fashion,Men,US 10,Black,Synthetic,$70.00 ,18,$199.99,Rome
19,Skechers,Arch Fit,Walking,Women,US 7.5,Grey,Mesh,$70.00 ,1,$129.99,Genoa
20,Nike,Air Force 1,Casual,Men,US 10,White,Leather,$90.00 ,23,$249.99,Naples
21,Adidas,NMD_R1,Running,Women,US 8.5,Black/Pink,Primeknit,$140.00 ,44,$249.99,Rome
22,Reebok,Zig Kinetica II,Running,Men,US 11,White,Mesh,$120.00 ,59,$269.99,Milan
23,Converse,Jack Purcell,Casual,Women,US 7.5,Navy,Canvas,$65.00 ,57,$219.99,Bologna
24,Puma,Calibrate Runner,Running,Men,US 9.5,Black,Mesh,$80.00 ,70,$169.99,Catania
25,Vans,Sk8-Hi,Skate,Women,US 8,Black/White,Suede/Canvas,$70.00 ,15,$279.99,Rome
26,New Balance,327,Lifestyle,Men,US 10,Blue/Orange,Suede/Mesh,$90.00 ,96,$109.99,Palermo
27,Asics,Gel-Quantum 180,Running,Women,US 9,Grey,Mesh/Synthetic,$120.00 ,50,$269.99,Milan
28,Fila,Mindblower,Fashion,Men,US 8.5,White,Leather/Synthetic,$75.00 ,62,$229.99,Rome
29,Skechers,D'Lites,Walking,Women,US 7,Black,Synthetic,$65.00 ,58,$249.99,Naples
30,Nike,Air Max 2090,Running,Men,US 9,Grey,Mesh,$150.00 ,43,$199.99,Turin
31,Adidas,Adizero Adios 5,Running,Women,US 7.5,Blue,Mesh,$170.00 ,63,$279.99,Genoa
32,Reebok,Nano 9,Cross-training,Men,US 10,Black,Mesh/Synthetic,$130.00 ,55,$269.99,Bologna
33,Converse,Chuck 70,Casual,Women,US 9,Pink,Canvas,$85.00 ,71,$119.99,Rome
34,Puma,Future Rider Play,Lifestyle,Men,US 9,Black/Red,Synthetic,$90.00 ,49,$299.99,Turin
35,Vans,Slip-On,Skate,Women,US 7,Checkered,Canvas,$50.00 ,49,$139.99,Bari
36,New Balance,574,Casual,Men,US 9,Black/Grey,Suede/Textile,$80.00 ,38,$299.99,Bologna
37,Asics,Gel-Kayano 27,Running,Women,US 8.5,Purple,Mesh/Synthetic,$160.00 ,8,$189.99,Florence
38,Fila,Venom,Fashion,Men,US 9.5,White/Red,Leather/Synthetic,$65.00 ,8,$79.99,Turin
39,Skechers,Go Walk 5,Walking,Women,US 7.5,Black,Mesh,$60.00 ,44,$219.99,Bologna
40,Nike,Air Force 1,Casual,Men,US 11,White,Leather,$90.00 ,55,$239.99,Florence
41,Adidas,NMD_R1,Running,Women,US 9,Black,Knit,$140.00 ,37,$279.99,Bologna
42,Reebok,Zig Kinetica II,Running,Men,US 9.5,White,Mesh,$120.00 ,68,$269.99,Rome
43,Converse,Jack Purcell,Casual,Men,US 10,White,Canvas,$65.00 ,64,$279.99,Rome
44,Puma,Suede Classic,Casual,Women,US 8.5,Beige,Suede,$65.00 ,79,$179.99,Catania
45,Vans,Sk8-Hi,Skate,Men,US 8,Black/White,Suede/Canvas,$70.00 ,41,$169.99,Genoa
46,New Balance,327,Casual,Women,US 7.5,Orange,Suede/Mesh,$100.00 ,45,$119.99,Milan
47,Asics,Gel-Kayano 28,Running,Women,US 7,White,Mesh,$160.00 ,85,$289.99,Milan
48,Fila,Original Fitness,Casual,Men,US 11,White/Navy,Leather,$70.00 ,31,$269.99,Rome
49,Skechers,Go Walk 5,Walking,Women,US 8,Black,Mesh,$60.00 ,76,$119.99,Catania
50,Nike,Free RN 5.0,Running,Men,US 10,Grey,Mesh,$100.00 ,33,$139.99,Milan
51,Adidas,Adilette Cloudfoam,Slides,Women,US 6,Black,Synthetic,$35.00 ,5,$219.99,Turin
52,Reebok,Nano 9,Crossfit,Men,US 10.5,Black,Mesh,$130.00 ,28,$199.99,Turin
53,Converse,Chuck 70,Casual,Women,US 7.5,Pink,Canvas,$85.00 ,100,$169.99,Bologna
54,Puma,Clyde All Pro,Basketball,Men,US 9.5,Black/Red,Leather,$130.00 ,57,$199.99,Palermo
55,Vans,Era,Skate,Women,US 6.5,White,Canvas,$55.00 ,8,$109.99,Catania
56,New Balance,Fresh Foam More v2,Running,Men,US 12,Black/Grey,Mesh,$165.00 ,21,$199.99,Turin
57,Asics,GT-2000 10,Running,Women,US 7,Blue,Mesh,$120.00 ,43,$199.99,Milan
58,Fila,Mindblower,Casual,Men,US 9.5,White/Blue,Leather/Synthetic,$75.00 ,7,$209.99,Naples
59,Skechers,Dynamight 2.0,Training,Women,US 9,Black,Mesh,$50.00 ,45,$139.99,Genoa
60,Nike,Air Force 1,Basketball,Men,US 11,White,Leather,$90.00 ,92,$199.99,Florence
61,Adidas,NMD_R1,Lifestyle,Women,US 7,Pink,Primeknit,$130.00 ,83,$149.99,Catania
62,Reebok,Nano X1,Training,Men,US 9,Black,Knit,$130.00 ,82,$209.99,Bologna
63,Converse,Chuck 70,Casual,Women,US 8.5,Yellow,Canvas,$85.00 ,98,$109.99,Palermo
64,Puma,Clyde All-Pro,Basketball,Men,US 10,Red,Leather,$130.00 ,63,$169.99,Rome
65,Vans,Sk8-Hi,Skate,Women,US 7,Black,Suede,$70.00 ,7,$279.99,Bari
66,New Balance,Fresh Foam 1080v11,Running,Women,US 8,Green,Mesh,$150.00 ,1,$229.99,Catania
67,Asics,Gel-Quantum 360,Running,Men,US 11,Blue,Mesh,$170.00 ,54,$209.99,Genoa
68,Fila,D-Formation,Casual,Women,US 8.5,White,Leather,$65.00 ,1,$199.99,Palermo
69,Skechers,Max Cushioning,Running,Men,US 8.5,Black,Mesh,$90.00 ,64,$129.99,Turin
70,Nike,Air Max 90,Lifestyle,Women,US 6,Grey,Leather,$120.00 ,88,$279.99,Genoa
71,Adidas,Yeezy Boost 350,Lifestyle,Men,US 10,Black,Primeknit,$220.00 ,6,$279.99,Genoa
72,Reebok,Classic Nylon,Casual,Women,US 7.5,Pink,Nylon,$65.00 ,51,$129.99,Genoa
73,Converse,Jack Purcell,Casual,Men,US 9,White,Canvas,$65.00 ,100,$89.99,Catania
74,Puma,Calibrate Runner,Running,Women,US 9,Grey,Mesh,$120.00 ,15,$259.99,Florence
75,Vans,Era,Skate,Men,US 9.5,Red,Canvas,$50.00 ,18,$59.99,Turin
76,New Balance,FuelCell Echo,Running,Women,US 7,Pink,Mesh,$100.00 ,33,$139.99,Naples
77,Asics,GT-2000 9,Running,Men,US 10.5,Black,Mesh,$120.00 ,44,$299.99,Palermo
78,Fila,Original Fitness,Casual,Women,US 7,White,Leather,$60.00 ,51,$239.99,Rome
79,Skechers,Elite Flex,Walking,Men,US 10,Navy,Mesh,$65.00 ,49,$249.99,Bologna
80,Nike,Blazer Low,Lifestyle,Women,US 7.5,White,Leather,$85.00 ,30,$189.99,Florence
81,Nike,Air Force 1,Basketball,Men,US 10,White,Leather,$90.00 ,33,$279.99,Catania
82,Adidas,NMD_R1,Lifestyle,Men,US 8.5,Black,Primeknit,$140.00 ,89,$219.99,Turin
83,Reebok,Nano X1,Training,Women,US 7.5,Grey,Flexweave,$130.00 ,45,$209.99,Catania
84,Converse,Jack Purcell,Casual,Men,US 9,White,Canvas,$65.00 ,55,$169.99,Palermo
85,Puma,Clyde All-Pro,Basketball,Men,US 11,Red/White,Leather,$120.00 ,56,$249.99,Florence
86,Vans,SK8-Hi,Skate,Women,US 6,Black,Suede/Canvas,$70.00 ,36,$109.99,Turin
87,New Balance,574,Casual,Men,US 10,Navy,Suede/Mesh,$80.00 ,20,$209.99,Milan
88,Asics,Gel-Lyte III NS,Casual,Women,US 8,Pink,Mesh,$100.00 ,23,$299.99,Palermo
89,Fila,Mindblower,Fashion,Men,US 9.5,White,Leather/Synthetic,$75.00 ,19,$289.99,Palermo
90,Skechers,Max Cushioning,Running,Women,US 7,Black,Mesh,$75.00 ,96,$169.99,Milan
91,Nike,React Infinity Run Flyknit 2,Running,Men,US 9.5,Blue,Flyknit,$160.00 ,90,$249.99,Bologna
92,Adidas,Harden Stepback,Basketball,Men,US 12,Grey,Synthetic,$80.00 ,54,$229.99,Florence
93,Reebok,Classic Nylon,Casual,Women,US 7.5,Black,Nylon,$65.00 ,37,$209.99,Genoa
94,Converse,Chuck 70,Casual,Men,US 8,Yellow,Canvas,$85.00 ,36,$159.99,Genoa
95,Puma,Calibrate Runner,Running,Men,US 10.5,Black/Yellow,Mesh,$80.00 ,69,$199.99,Rome
96,Vans,Era,Skate,Women,US 7,Green,Canvas,$55.00 ,36,$189.99,Palermo
97,New Balance,FuelCell Propel V3,Running,Women,US 6.5,Purple,Mesh,$100.00 ,16,$129.99,Florence
98,Asics,Gel-Kayano 28 Lite-Show,Running,Men,US 11,Black,Mesh,$170.00 ,80,$289.99,Bari
99,Fila,Trailblazer,Fashion,Women,US 8,White/Pink,Leather,$65.00 ,80,$159.99,Palermo
100,Skechers,Summits - Quick Getaway,Walking,Men,US 9,Grey,Mesh,$60.00 ,27,$279.99,Genoa
101,Nike,Air Zoom Tempo NEXT% FlyEase,Running,Women,US 8.5,White,Mesh,$200.00 ,74,$269.99,Rome
102,Nike,React Infinity Run 2,Running,Women,US 7.5,Grey,Mesh,$160.00 ,88,$279.99,Palermo
103,Adidas,Superstar,Casual,Men,US 8.5,Black/White,Leather,$80.00 ,98,$99.99,Turin
104,Reebok,Zig Kinetica Horizon,Running,Women,US 6.5,Blue,Mesh,$120.00 ,48,$159.99,Catania
105,Converse,Chuck 70,Casual,Men,US 9,White,Canvas,$85.00 ,24,$179.99,Rome
106,Puma,Cali Sport,Lifestyle,Women,US 9.5,White,Leather,$90.00 ,32,$159.99,Bari
107,Vans,Sk8-Hi,Skate,Men,US 10,Black/White,Suede/Canvas,$70.00 ,17,$119.99,Palermo
108,New Balance,990v5,Running,Men,US 9.5,Grey,Suede/Mesh,$175.00 ,63,$189.99,Florence
109,Asics,Gel-Venture 8,Trail,Women,US 8.5,Blue,Mesh,$70.00 ,94,$239.99,Rome
110,Fila,Mindblower,Fashion,Men,US 11,White,Synthetic,$75.00 ,94,$229.99,Bologna
111,Skechers,Go Run Mojo,Running,Women,US 7,Black,Mesh,$60.00 ,22,$189.99,Rome
112,Nike,Air Zoom Pegasus 38,Running,Men,US 11,Black,Mesh,$120.00 ,33,$129.99,Turin
113,Adidas,Ultraboost 5.0 DNA,Running,Women,US 8.5,Grey,Primeknit,$180.00 ,39,$199.99,Genoa
114,Reebok,Classic Leather Legacy,Casual,Men,US 9.5,White,Leather,$80.00 ,29,$109.99,Genoa
115,Converse,Jack Purcell,Casual,Women,US 6,Navy,Canvas,$65.00 ,14,$159.99,Milan
116,Puma,RS-Fast Tech,Lifestyle,Men,US 9.5,Black/Red,Synthetic,$110.00 ,22,$249.99,Catania
117,Vans,Era,Skate,Women,US 7.5,Black/White,Canvas,$50.00 ,52,$249.99,Palermo
118,New Balance,Fresh Foam Roav,Running,Men,US 10,Red,Mesh,$80.00 ,51,$139.99,Naples
119,Asics,GT-2000 10,Running,Women,US 9,Black,Mesh,$120.00 ,38,$159.99,Bologna
120,Fila,Original Fitness,Fashion,Men,US 10,White,Leather,$60.00 ,99,$239.99,Milan
121,Skechers,Max Cushioning Elite,Walking,Women,US 8,Navy,Mesh,$80.00 ,45,$89.99,Naples
122,Nike,Air Force 1 '07,Basketball,Men,US 11,White,Leather,$90.00 ,33,$219.99,Turin
123,Adidas,NMD_R1,Running,Women,US 8,Pink,Primeknit,$140.00 ,82,$219.99,Naples
124,Reebok,Nano 9,Training,Men,US 9.5,Black/White,Mesh,$130.00 ,24,$159.99,Florence
125,Converse,Jack Purcell,Casual,Women,US 7.5,White,Canvas,$65.00 ,92,$119.99,Naples
126,Puma,Calibrate Runner,Running,Men,US 10,Black/Grey,Mesh/Synthetic,$90.00 ,31,$259.99,Palermo
127,Vans,Sk8-Hi,Skate,Women,US 9,Black/White,Canvas,$65.00 ,100,$189.99,Florence
128,New Balance,FuelCell Rebel v2,Running,Men,US 9.5,Blue/White,Mesh,$130.00 ,10,$179.99,Naples
129,Asics,Gel-Kinsei OG,Running,Women,US 7.5,White/Grey,Mesh/Leather,$180.00 ,59,$199.99,Milan
130,Fila,Spaghetti,Fashion,Men,US 8,White/Navy,Leather/Synthetic,$65.00 ,99,$189.99,Genoa
131,Skechers,Go Walk 5,Walking,Women,US 6.5,Black,Mesh,$60.00 ,94,$249.99,Naples
132,Nike,ZoomX Invincible Run,Running,Men,US 11,Black,Mesh/Synthetic,$180.00 ,21,$279.99,Palermo
133,Adidas,Ultraboost DNA,Running,Women,US 8,Grey,Primeknit,$180.00 ,44,$199.99,Milan
134,Reebok,Classic Nylon,Casual,Men,US 10.5,Black,Nylon,$60.00 ,50,$159.99,Bologna
135,Converse,Run Star Hike,Casual,Women,US 8,Cream,Canvas,$110.00 ,61,$289.99,Milan
136,Puma,Suede Classic+,Casual,Men,US 8,Red/White,Suede,$65.00 ,50,$249.99,Bari
137,Vans,Era,Skate,Women,US 7.5,Green,Canvas,$50.00 ,40,$209.99,Genoa
138,New Balance,Fresh Foam More v3,Running,Men,US 11,Black/Grey,Mesh/Synthetic,$165.00 ,40,$239.99,Catania
139,Asics,Gel-Quantum 90 3,Running,Women,US 9,Pink,Mesh/Synthetic,$90.00 ,11,$249.99,Naples
140,Fila,Original Fitness,Casual,Men,US 9.5,White/Navy/Red,Leather,$60.00 ,69,$179.99,Bari
141,Skechers,Go Run Mojo Pep,Running,Women,US 8.5,Black/White,Mesh,$55 ,52,$159.99,Bologna
142,Nike,Air Force 1,Casual,Men,US 11,White,Leather,$90.00 ,37,$239.99,Rome
143,Adidas,NMD_R1,Running,Women,US 8.5,Pink,Primeknit,$130.00 ,89,$179.99,Rome
144,Reebok,Zig Kinetica II,Running,Men,US 9,Blue,Mesh,$120.00 ,8,$219.99,Palermo
145,Converse,Chuck 70,Casual,Women,US 7,Black,Canvas,$85.00 ,47,$129.99,Florence
146,Puma,Clyde All-Pro,Basketball,Men,US 10,White,Leather,$130.00 ,32,$249.99,Palermo
147,Vans,Sk8-Hi,Skate,Women,US 9,Black/White,Suede/Canvas,$65.00 ,44,$279.99,Genoa
148,New Balance,574 Classic,Casual,Men,US 10.5,Grey,Suede/Mesh,$80.00 ,6,$109.99,Turin
149,Asics,Gel-Quantum 90 3,Running,Women,US 7.5,Black,Mesh,$70.00 ,100,$229.99,Bologna
150,Fila,Mindblower,Fashion,Men,US 11,Grey,Leather/Synthetic,$75.00 ,8,$239.99,Palermo
151,Skechers,Max Cushioning Premier,Running,Women,US 7.5,Pink,Mesh,$90.00 ,61,$129.99,Milan
152,Nike,Blazer Mid '77,Casual,Men,US 9.5,White,Leather,$100.00 ,9,$109.99,Florence
153,Adidas,Superstar,Casual,Women,US 7.5,Black/White,Leather,$85.00 ,87,$189.99,Bologna
154,Reebok,DMX Thrill,Running,Men,US 10,Black,Mesh,$70.00 ,90,$269.99,Genoa
155,Converse,Jack Purcell,Casual,Women,US 8.5,White,Canvas,$65.00 ,45,$219.99,Bologna
156,Puma,Calibrate Runner,Running,Men,US 9.5,Black/Yellow,Mesh,$140.00 ,82,$239.99,Genoa
157,Vans,Slip-On,Skate,Women,US 6.5,Checkered,Canvas,$50.00 ,89,$169.99,Florence
158,New Balance,Fresh Foam Beacon V3,Running,Men,US 11,Blue,Mesh,$120.00 ,64,$299.99,Genoa
159,Asics,Gel-Venture 8,Trail,Women,US 9.5,Grey,Mesh,$70.00 ,34,$109.99,Florence
160,Fila,F-13,Fashion,Men,US 10,White,Leather,$70.00 ,99,$189.99,Rome
161,Skechers,Equalizer 4.0,Training,Women,US 8.5,Black,Mesh,$65.00 ,54,$269.99,Turin
162,Nike,KD13,Basketball,Men,US 11,Blue,Mesh,$150.00 ,93,$219.99,Florence
163,Nike,React Infinity Run Flyknit 2,Running,Women,US 9.5,Black/White,Flyknit,$160.00 ,26,$259.99,Bologna
164,Adidas,NMD_R1,Lifestyle,Men,US 11.5,Grey,Primeknit,$140.00 ,6,$279.99,Bologna
165,Reebok,Aztrek 96,Casual,Women,US 8.5,Yellow/Black,Leather/Synthetic,$90.00 ,9,$259.99,Palermo
166,Converse,Jack Purcell,Casual,Men,US 9,Navy/White,Canvas,$70.00 ,95,$129.99,Palermo
167,Puma,Calibrate Runner,Running,Men,US 10,Black,Mesh,$100.00 ,48,$269.99,Turin
168,Vans,Sk8-Hi,Skate,Women,US 7.5,Black/White,Suede/Canvas,$65.00 ,19,$189.99,Palermo
169,New Balance,327,Casual,Men,US 10,Green,Suede/Leather,$90.00 ,35,$279.99,Bologna
170,Asics,GT-2000 10,Running,Women,US 8,Blue,Mesh,$120.00 ,25,$279.99,Genoa
171,Fila,Trailblazer,Fashion,Men,US 9,White/Grey,Leather,$85.00 ,11,$209.99,Catania
172,Skechers,Max Cushioning Premier,Running,Women,US 7,Grey/Pink,Mesh,$105.00 ,37,$189.99,Catania
173,Nike,Blazer Mid '77,Casual,Men,US 8.5,Green,Leather,$100.00 ,62,$139.99,Turin
174,Adidas,Ultraboost 6.0,Running,Women,US 7.5,Black/White,Primeknit,$180.00 ,28,$189.99,Genoa
175,Reebok,Classic Nylon,Casual,Men,US 11.5,Blue/White,Nylon,$60.00 ,41,$279.99,Milan
176,Converse,Pro Leather,Casual,Women,US 9.5,White/Green,Leather,$75.00 ,22,$239.99,Bari
177,Puma,Clyde All-Pro,Basketball,Men,US 9.5,Black,Leather/Synthetic,$130.00 ,45,$159.99,Catania
178,Vans,Era 95 DX,Skate,Women,US 6.5,Black/White,Canvas,$65.00 ,88,$159.99,Turin
179,New Balance,Fresh Foam More v3,Running,Men,US 10,Black/Grey,Mesh,$165.00 ,84,$289.99,Bari
180,Asics,Gel-Quantum 360 6,Running,Women,US 9,Grey/Green,Mesh,$180.00 ,19,$259.99,Rome
181,Fila,Spaghetti,Basketball,Men,US 10.5,White,Leather,$75.00 ,58,$189.99,Milan
182,Skechers,Uno Bold Move,Casual,Women,US 8.5,Black/White,Synthetic,$70.00 ,99,$189.99,Bari
183,Nike,Air Force 1,Basketball,Men,US 10,White,Leather,$100.00 ,58,$139.99,Bari
184,Adidas,NMD_R1,Lifestyle,Women,US 8,Grey,Primeknit,$140.00 ,22,$299.99,Milan
185,Reebok,Nano X1,Training,Men,US 9.5,Black,Knit,$130.00 ,65,$199.99,Genoa
186,Converse,Jack Purcell,Casual,Women,US 6.5,Navy,Canvas,$65.00 ,41,$299.99,Catania
187,Puma,Calibrate Runner,Running,Men,US 11,Black,Mesh,$80.00 ,53,$99.99,Naples
188,Vans,Sk8-Hi,Skate,Women,US 7.5,Black/White,Canvas/Suede,$70.00 ,88,$199.99,Palermo
189,New Balance,327,Lifestyle,Men,US 10,Beige,Suede/Mesh,$100.00 ,42,$119.99,Palermo
190,Asics,Gel-Excite 8,Running,Women,US 9,Pink,Mesh,$75.00 ,83,$159.99,Florence
191,Fila,Memory Fresh 2,Walking,Men,US 10,White,Synthetic,$60.00 ,32,$119.99,Turin
192,Skechers,Energy Burst,Running,Women,US 8,Black,Mesh,$70.00 ,51,$189.99,Genoa
193,Nike,Flyknit Trainer,Running,Men,US 10,Black/White,Flyknit,$150.00 ,66,$209.99,Florence
194,Adidas,Ultraboost 4.0,Running,Women,US 7,Blue,Primeknit,$180.00 ,5,$209.99,Bari
195,Reebok,Floatride Energy,Running,Men,US 10.5,Grey,Mesh,$100.00 ,63,$249.99,Bologna
196,Converse,Chuck 70 High,Casual,Women,US 9,Pink,Canvas,$85.00 ,63,$149.99,Turin
197,Puma,Clyde All-Pro,Basketball,Men,US 9,White,Leather,$130.00 ,76,$279.99,Catania
198,Vans,Era,Skate,Women,US 8.5,Black,Canvas,$50.00 ,62,$219.99,Rome
199,New Balance,Fresh Foam Beacon v3,Running,Men,US 12,Blue,Mesh,$120.00 ,10,$219.99,Genoa
200,Asics,Gel-Kayano 27,Running,Women,US 8.5,Black,Mesh,$160.00 ,62,$229.99,Florence
201,Fila,Trailblazer,Fashion,Men,US 11,Black,Leather,$75.00 ,27,$209.99,Palermo
202,Skechers,Equalizer 4.0,Walking,Women,US 7,Grey,Mesh,$60.00 ,77,$259.99,Florence
203,Nike,Blazer Mid '77,Casual,Men,US 9.5,White/Red/Navy,Leather,$100.00 ,10,$199.99,Naples
204,Adidas,Superstar,Casual,Women,US 7.5,White/Black,Leather,$80.00 ,6,$159.99,Rome
205,Reebok,Zig Kinetica,Running,Men,US 11.5,White/Black,Mesh,$120.00 ,39,$199.99,Bologna
206,Converse,Jack Purcell,Casual,Men,US 8.5,White/Navy,Canvas,$70.00 ,42,$179.99,Rome
207,Puma,Suede Classic,Casual,Women,US 8.5,Pink,Suede,$65.00 ,53,$169.99,Turin
208,Vans,Sk8-Hi,Skate,Men,US 10,Black/White,Canvas,$70.00 ,78,$119.99,Naples
209,New Balance,Fresh Foam More,Running,Women,US 9,Grey/Purple,Mesh,$165.00 ,4,$219.99,Catania
210,Asics,Gel-Kayano 27,Running,Men,US 10.5,Black/Green,Mesh,$160.00 ,11,$219.99,Palermo
211,Fila,Trailblazer,Fashion,Women,US 7,Cream,Synthetic,$75.00 ,85,$269.99,Naples
212,Skechers,D'Lites Fresh Start,Walking,Men,US 9.5,White/Black,Leather,$70.00 ,61,$229.99,Genoa
213,Nike,Air Force 1,Casual,Women,US 8.5,White/Red,Leather,$90.00 ,27,$169.99,Turin
214,Adidas,NMD_R1,Casual,Men,US 9,Black/White,Primeknit,$130.00 ,74,$269.99,Turin
215,Reebok,Club C 85 MU,Casual,Men,US 11,White/Black,Leather,$75.00 ,73,$229.99,Palermo
216,Converse,Chuck 70,Casual,Women,US 8.5,Cream,Canvas,$85.00 ,98,$109.99,Bologna
217,Puma,Calibrate Runner,Running,Men,US 8.5,Black/Blue,Mesh,$120.00 ,63,$139.99,Naples
218,Vans,Era,Skate,Women,US 7,Pink/White,Canvas,$50.00 ,57,$59.99,Catania
219,New Balance,FuelCell Propel v2,Running,Men,US 9,Blue/Green,Mesh,$100.00 ,33,$209.99,Palermo
220,Asics,Gel-Cumulus 23,Running,Women,US 8.5,Pink/White,Mesh,$120.00 ,84,$189.99,Milan
221,Fila,Mindblower,Fashion,Men,US 10,White/Black,Synthetic,$75.00 ,94,$279.99,Florence
222,Nike,Air Force 1,Casual,Men,US 11,White,Leather,$90.00 ,14,$249.99,Palermo
223,Adidas,NMD_R1,Lifestyle,Women,US 8,Pink,Primeknit,$140.00 ,24,$219.99,Catania
224,Reebok,Nano X1,Training,Men,US 9.5,Grey,Knit,$130.00 ,42,$199.99,Genoa
225,Converse,All Star Hi,Casual,Women,US 7,Black,Canvas,$60.00 ,15,$119.99,Bologna
226,Puma,Calibrate Runner,Running,Men,US 10.5,Blue,Mesh,$90.00 ,66,$279.99,Catania
227,Vans,Sk8-Hi,Skate,Women,US 6,Red/White,Canvas,$70.00 ,79,$259.99,Turin
228,New Balance,327,Lifestyle,Men,US 8.5,Green,Suede/Mesh,$100.00 ,14,$229.99,Catania
229,Asics,Gel-Quantum 180,Running,Women,US 7.5,Grey,Mesh,$120.00 ,26,$129.99,Milan
230,Fila,Mindblower,Fashion,Men,US 9,White,Leather,$70.00 ,59,$149.99,Florence
231,Skechers,Max Cushioning,Walking,Women,US 9,Black,Mesh,$75.00 ,80,$89.99,Genoa
232,Nike,React Infinity Run Flyknit,Running,Men,US 12,Black,Flyknit,$160.00 ,67,$279.99,Turin
233,Adidas,Adilette Comfort,Slides,Women,US 6,Black,Synthetic,$35.00 ,95,$239.99,Milan
234,Reebok,Classic Nylon,Casual,Men,US 10,Grey,Nylon,$65.00 ,97,$219.99,Rome
235,Converse,Chuck 70,Casual,Women,US 8,Cream,Canvas,$85.00 ,31,$99.99,Genoa
236,Puma,RS-X3 Puzzle,Lifestyle,Men,US 8.5,Black/Yellow,Synthetic,$110.00 ,18,$119.99,Bologna
237,Vans,Era,Skate,Women,US 7,Pink,Canvas,$55.00 ,18,$89.99,Rome
238,New Balance,990v4,Running,Men,US 9.5,Grey,Suede/Mesh,$175.00 ,98,$259.99,Turin
239,Asics,GT-2000 10,Running,Women,US 9,Blue,Mesh,$120.00 ,90,$149.99,Palermo
240,Fila,D-Formation,Fashion,Men,US 11,White,Leather,$65.00 ,2,$199.99,Bologna
241,Skechers,Equalizer 4.0,Training,Women,US 8.5,Black,Knit,$70.00 ,60,$139.99,Florence
242,Nike,Air Zoom Pegasus 38,Running,Men,US 10.5,Blue,Mesh,$120.00 ,11,$219.99,Catania
243,Nike,Air Force 1 '07,Basketball,Men,US 11,White,Leather,$90.00 ,2,$149.99,Rome
244,Adidas,Yeezy Boost 350 V2,Fashion,Men,US 9,Zebra,Primeknit,$220.00 ,31,$249.99,Bari
245,Reebok,Nano X1 Adventure,Training,Men,US 10,Khaki,Textile/Leather,$130.00 ,42,$199.99,Bologna
246,Converse,Jack Purcell Low,Casual,Women,US 7.5,Pink,Canvas,$65.00 ,35,$159.99,Genoa
247,Puma,Clyde All-Pro,Basketball,Men,US 10.5,Black/White,Leather/Suede,$130.00 ,57,$139.99,Bologna
248,Vans,Sk8-Hi,Skate,Women,US 9,Checkerboard,Canvas,$70.00 ,27,$259.99,Turin
249,New Balance,Fresh Foam Hierro v6,Trail,Men,US 9.5,Grey/Yellow,Synthetic/Mesh,$135.00 ,12,$239.99,Florence
250,Asics,Gel-Quantum 180 5,Running,Women,US 8,Pink,Mesh,$120.00 ,95,$209.99,Catania
251,Fila,D-Formation,Fashion,Men,US 11,Black,Leather,$65.00 ,54,$219.99,Rome
252,Skechers,Arch Fit Refine,Walking,Women,US 6.5,Navy,Mesh,$65.00 ,80,$249.99,Milan
253,Nike,Air Zoom Pegasus 38,Running,Men,US 12,Blue,Mesh,$120.00 ,78,$239.99,Rome
254,Adidas,NMD_R1,Casual,Women,US 8.5,Pink,Primeknit,$130.00 ,96,$289.99,Bologna
255,Reebok,Floatride Energy 3,Running,Men,US 9,Black,Mesh,$100.00 ,53,$179.99,Bari
256,Converse,Chuck 70 High,Casual,Men,US 12,Green,Canvas,$85.00 ,55,$159.99,Rome
257,Puma,Calibrate Runner,Running,Women,US 9,White,Mesh,$90.00 ,42,$199.99,Bari
258,Vans,Era,Skate,Men,US 8.5,Black,Canvas,$50.00 ,49,$249.99,Florence
259,New Balance,FuelCell Rebel v2,Running,Women,US 7.5,Orange,Mesh,$130.00 ,80,$289.99,Milan
260,Asics,Gel-Cumulus 23,Running,Men,US 11,Grey,Mesh,$120.00 ,64,$269.99,Milan
261,Fila,Mindblower,Fashion,Women,US 7,White,Leather/Synthetic,$65.00 ,25,$279.99,Genoa
262,Skechers,GOrun Mojo 2.0,Running,Men,US 8,Black,Mesh,$60.00 ,94,$159.99,Milan
263,Nike,Air Force 1,Basketball,Men,US 11,White,Leather,$90.00 ,72,$209.99,Naples
264,Adidas,NMD_R1,Running,Women,US 8.5,Pink,Knit,$140.00 ,19,$259.99,Genoa
265,Reebok,ZigWild Trail 7,Trail,Men,US 9.5,Black,Mesh/Synthetic,$110.00 ,86,$119.99,Turin
266,Converse,Jack Purcell,Casual,Women,US 7,Blue,Canvas,$65.00 ,66,$209.99,Naples
267,Puma,Calibrate Runner,Running,Men,US 10,Grey,Mesh,$90.00 ,53,$159.99,Rome
268,Vans,SK8-Hi,Skate,Women,US 6.5,Black/White,Canvas/Leather,$70.00 ,100,$189.99,Genoa
269,New Balance,FuelCell Rebel v2,Running,Women,US 7,White/Pink,Mesh,$110.00 ,60,$199.99,Rome
270,Asics,Gel-Kahana 8,Running,Men,US 8,Grey,Mesh,$85.00 ,9,$129.99,Genoa
271,Fila,Mindblower,Fashion,Women,US 7.5,White/Pink,Leather/Synthetic,$65.00 ,17,$169.99,Milan
272,Skechers,Max Cushioning,Running,Men,US 11,Black,Mesh,$85.00 ,12,$109.99,Bologna
273,Nike,Air Max 2090,Running,Men,US 12,Black,Mesh/Synthetic,$150.00 ,74,$169.99,Catania
274,Adidas,Superstar,Casual,Women,US 9.5,White/Black,Leather,$85.00 ,11,$279.99,Genoa
275,Reebok,Nano 9,Training,Men,US 10,Blue,Synthetic,$130.00 ,69,$249.99,Genoa
276,Converse,Pro Leather,Casual,Men,US 9.5,White/Green,Leather,$80.00 ,95,$239.99,Bari
277,Puma,RS-X³,Lifestyle,Women,US 8.5,Pink,Mesh,$110.00 ,99,$159.99,Milan
278,Vans,Slip-On,Casual,Men,US 10.5,Black/White,Canvas,$50.00 ,25,$59.99,Bari
279,New Balance,Fresh Foam More v3,Running,Men,US 12,Black/Grey,Mesh,$165.00 ,42,$179.99,Genoa
280,Asics,GT-1000 9,Running,Women,US 6.5,Blue,Mesh,$90.00 ,77,$149.99,Bologna
281,Fila,T1 Mid,Casual,Men,US 11,White,Leather,$65.00 ,53,$79.99,Turin
282,Skechers,Go Walk 5,Walking,Women,US 8.5,Black,Mesh,$60.00 ,64,$109.99,Naples
283,Nike,Blazer Mid '77,Casual,Men,US 8.5,Green,Leather,$100.00 ,81,$289.99,Naples
284,Nike,Air Force 1,Casual,Men,US 9.5,White,Leather,$90.00 ,55,$259.99,Milan
285,Adidas,NMD_R1,Lifestyle,Women,US 7,Black/Pink,Knit,$140.00 ,41,$229.99,Turin
286,Reebok,Nano X1,Crossfit,Men,US 10,Black,Mesh,$130.00 ,77,$289.99,Catania
287,Converse,Chuck 70,Casual,Women,US 8.5,Ivory,Canvas,$85.00 ,5,$249.99,Naples
288,Puma,Calibrate,Running,Men,US 8.5,Grey,Mesh,$130.00 ,35,$149.99,Naples
289,Vans,SK8-Hi,Skate,Men,US 9.5,Black/White,Canvas,$70.00 ,88,$169.99,Rome
290,New Balance,574,Casual,Women,US 7,Pink,Suede,$80.00 ,79,$299.99,Palermo
291,Asics,Gel-Quantum 180 6,Running,Men,US 11,Black,Mesh,$120.00 ,58,$229.99,Catania
292,Fila,Mindblower,Fashion,Women,US 8,White,Leather/Synthetic,$65.00 ,56,$279.99,Genoa
293,Skechers,Max Cushioning,Running,Women,US 7.5,Black,Mesh,$90.00 ,20,$229.99,Palermo
294,Nike,Free RN Flyknit,Running,Men,US 10,Blue,Knit,$130.00 ,19,$179.99,Genoa
295,Adidas,Adizero Boston 9,Running,Women,US 6.5,Black,Mesh,$120.00 ,52,$159.99,Bologna
296,Reebok,Zig Kinetica II,Running,Men,US 9,Blue,Mesh,$120.00 ,62,$139.99,Bari
297,Converse,Run Star Hike,Casual,Women,US 8.5,White,Canvas,$110.00 ,90,$209.99,Catania
298,Puma,Ralph Sampson,Casual,Men,US 11,White/Green,Leather,$80.00 ,16,$209.99,Florence
299,Vans,Era,Skate,Women,US 7,Black,Canvas,$55.00 ,44,$239.99,Rome
300,New Balance,990v4,Running,Men,US 10.5,Grey,Suede/Mesh,$175.00 ,78,$239.99,Florence
301,Asics,Gel-Kayano 27,Running,Women,US 9,Black,Mesh,$160.00 ,9,$269.99,Bologna
302,Fila,D-Formation,Fashion,Men,US 9,White,Leather,$70.00 ,16,$79.99,Palermo
303,Skechers,D'Lites,Walking,Women,US 8,White,Leather,$65.00 ,59,$279.99,Milan
304,Nike,Air Max 2090,Running,Men,US 9,Grey,Synthetic,$150.00 ,59,$169.99,Rome
305,Nike,Air Force 1 Low,Casual,Men,US 9.5,White,Leather,$90.00 ,42,$289.99,Naples
306,Adidas,NMD_R1,Lifestyle,Women,US 7.5,Pink/White,Primeknit,$130.00 ,94,$189.99,Genoa
307,Reebok,Zig Kinetica II,Running,Men,US 11,Black,Mesh,$120.00 ,4,$179.99,Bari
308,Converse,Chuck 70 High,Casual,Men,US 8.5,Cream,Canvas,$85.00 ,6,$299.99,Turin
309,Puma,Calibrate Runner,Running,Women,US 8,Black,Mesh,$90.00 ,74,$209.99,Palermo
310,Vans,Sk8-Hi,Skate,Men,US 10,Black/White,Suede/Canvas,$70.00 ,10,$229.99,Genoa
311,New Balance,327,Lifestyle,Women,US 6.5,White/Green,Suede/Mesh,$90.00 ,21,$249.99,Rome
312,Asics,Gel-Quantum 90,Running,Men,US 10,Blue,Mesh,$90.00 ,53,$119.99,Palermo
313,Fila,Original Fitness,Fashion,Women,US 7.5,White/Navy,Leather/Synthetic,$65.00 ,13,$179.99,Bari
314,Skechers,Go Walk 5,Walking,Men,US 9,Grey,Mesh,$65.00 ,34,$119.99,Palermo
315,Nike,React Infinity Run Flyknit,Running,Women,US 8,Black,Flyknit,$160.00 ,47,$249.99,Bari
316,Adidas,Superstar,Casual,Men,US 8.5,White/Black,Leather,$85.00 ,31,$279.99,Palermo
317,Reebok,Nano 9,Crossfit,Women,US 7,Grey,Mesh,$130.00 ,15,$269.99,Catania
318,Converse,Run Star Hike,Casual,Women,US 9,White,Canvas,$100.00 ,5,$239.99,Genoa
319,Puma,RS-2K,Lifestyle,Men,US 10,White,Leather/Synthetic,$120.00 ,76,$129.99,Rome
320,Vans,Era,Skate,Women,US 6.5,Black/White,Canvas,$50.00 ,100,$269.99,Florence
321,New Balance,FuelCell Propel v3,Running,Men,US 9.5,Blue/Orange,Mesh,$100.00 ,68,$219.99,Naples
322,Asics,Gel-Kinsei OG,Running,Women,US 8.5,White/Black,Mesh,$180.00 ,10,$249.99,Turin
323,Fila,Trigate,Fashion,Men,US 9.5,White/Navy/Red,Synthetic,$60.00 ,66,$129.99,Palermo
324,Skechers,Summits,Walking,Women,US 7.5,Black/Pink,Mesh,$60.00 ,76,$279.99,Bologna
325,Nike,Air Force 1 Low,Casual,Men,US 9,White,Leather,$90.00 ,93,$189.99,Palermo
326,Adidas,NMD_R1,Lifestyle,Women,US 7,Pink,Primeknit,$140.00 ,1,$289.99,Bologna
327,Reebok,Zig Kinetica,Running,Men,US 11,Black,Mesh,$120.00 ,42,$169.99,Florence
328,Converse,Chuck 70,Casual,Men,US 8,Grey,Canvas,$85.00 ,94,$99.99,Bari
329,Puma,Clyde All-Pro,Basketball,Men,US 10.5,White,Leather,$130.00 ,42,$239.99,Turin
330,Vans,SK8-Hi,Skate,Women,US 7,Black/White,Suede/Canvas,$70.00 ,76,$249.99,Turin
331,New Balance,990v2,Running,Men,US 10,Grey,Suede/Mesh,$175.00 ,87,$209.99,Catania
332,Asics,Gel-Quantum 360 6,Running,Women,US 8,Black,Mesh,$150.00 ,43,$289.99,Naples
333,Fila,Original Fitness,Casual,Men,US 9,White/Navy,Leather,$60.00 ,29,$129.99,Bologna
334,Skechers,Max Cushioning Premier,Running,Men,US 8.5,Grey,Mesh,$90.00 ,93,$259.99,Rome
335,Nike,Blazer Mid,Casual,Women,US 7.5,Red,Leather,$100.00 ,62,$159.99,Genoa
336,Adidas,Superstar,Casual,Men,US 10,White/Black,Leather,$80.00 ,77,$239.99,Naples
337,Reebok,Classic Nylon,Casual,Women,US 8,Black/White,Nylon/Suede,$65.00 ,40,$149.99,Bari
338,Converse,All Star Pro BB,Basketball,Men,US 11,Black,Canvas,$120.00 ,16,$249.99,Bari
339,Puma,Calibrate Runner,Running,Women,US 6.5,Blue,Mesh,$120.00 ,10,$229.99,Florence
340,Vans,Era,Skate,Men,US 9.5,Red,Canvas,$50.00 ,2,$279.99,Catania
341,New Balance,Fresh Foam More v3,Running,Women,US 7.5,Grey,Mesh,$165.00 ,29,$279.99,Florence
342,Asics,GT-2000 10,Running,Men,US 9.5,Black,Mesh,$120.00 ,15,$169.99,Genoa
343,Fila,D-Formation,Casual,Women,US 8.5,White,Leather,$70.00 ,45,$79.99,Turin
344,Skechers,Equalizer 4.0,Walking,Men,US 12,Navy,Mesh,$65.00 ,58,$99.99,Naples
345,Nike,React Infinity Run Flyknit 2,Running,Women,US 9,Purple,Flyknit,$160.00 ,83,$239.99,Milan
346,Nike,Air Force 1,Basketball,Men,US 11,White,Leather,$90.00 ,45,$99.99,Florence
347,Adidas,Yeezy Boost 350 V2,Fashion,Women,US 8.5,Cream,Primeknit,$220.00 ,64,$249.99,Palermo
348,Reebok,Zig Kinetica,Running,Men,US 12,Black,Mesh,$120.00 ,82,$269.99,Catania
349,Converse,Chuck 70,Casual,Women,US 7,Egret,Canvas,$85.00 ,79,$189.99,Milan
350,Puma,Calibrate Runner,Running,Men,US 8.5,Black,Mesh,$80.00 ,38,$129.99,Bologna
351,Vans,Sk8-Hi,Skate,Women,US 9,Black/White,Canvas,$70.00 ,69,$209.99,Naples
352,New Balance,FuelCell Rebel v2,Running,Men,US 10.5,Blue,Mesh,$130.00 ,40,$259.99,Milan
353,Asics,Gel-Quantum 90,Running,Women,US 7,Black,Mesh,$80.00 ,4,$239.99,Rome
354,Fila,Tracer,Fashion,Men,US 9.5,White/Navy,Leather/Synthetic,$65.00 ,16,$99.99,Catania
355,Skechers,D'Lites,Walking,Women,US 6.5,Black/White,Synthetic,$65.00 ,12,$249.99,Palermo
356,Nike,React Infinity Run Flyknit 2,Running,Men,US 9,Black,Flyknit,$160.00 ,17,$249.99,Rome
357,Adidas,NMD_R1 V2,Casual,Women,US 6.5,Pink,Primeknit,$130.00 ,36,$209.99,Bologna
358,Reebok,Club C Legacy,Casual,Men,US 11,Green,Leather,$80.00 ,97,$189.99,Catania
359,Converse,Jack Purcell,Casual,Women,US 7.5,White,Canvas,$65.00 ,36,$229.99,Turin
360,Puma,Clyde All-Pro,Basketball,Men,US 10,Black,Leather,$130.00 ,98,$209.99,Milan
361,Vans,Slip-On,Casual,Women,US 8.5,Black,Canvas,$50.00 ,31,$79.99,Rome
362,New Balance,Fresh Foam Hierro v6,Trail Running,Men,US 10,Grey/Orange,Synthetic/Mesh,$135.00 ,69,$219.99,Turin
363,Asics,GT-2000 10,Running,Women,US 9,Black/Pink,Mesh,$120.00 ,23,$149.99,Palermo
364,Fila,Ray,Fashion,Men,US 11,White,Synthetic,$65.00 ,81,$99.99,Naples
365,Skechers,Ultra Flex 2.0,Walking,Women,US 7.5,Navy/White,Mesh,$60.00 ,47,$289.99,Bari
366,Nike,React Infinity Run,Running,Women,US 9.5,Grey/Pink,Mesh,$160.00 ,83,$249.99,Bologna
367,Adidas,Ultraboost 5.0 DNA,Running,Men,US 9,White,Primeknit,$180.00 ,91,$199.99,Rome
368,Reebok,Nano X1,Training,Women,US 8.5,Black,Flexweave/Knit,$130.00 ,99,$229.99,Bologna
369,Converse,Jack Purcell,Casual,Men,US 11,White,Canvas,$75.00 ,35,$189.99,Bari
370,Puma,Calibrate Runner,Running,Men,US 10,Grey/Black,Mesh,$90.00 ,4,$159.99,Bologna
371,Vans,Sk8-Hi,Skate,Women,US 7,Black/White,Canvas/Suede,$65.00 ,92,$129.99,Naples
372,New Balance,327,Lifestyle,Men,US 8.5,Blue/Orange,Suede/Nylon,$90.00 ,15,$279.99,Milan
373,Asics,Gel-Cumulus 23,Running,Women,US 7.5,Pink,Mesh,$120.00 ,36,$229.99,Florence
374,Fila,Trailblazer,Fashion,Men,US 9,Green/Orange,Leather/Synthetic,$80.00 ,77,$149.99,Milan
375,Skechers,Go Walk Joy,Walking,Women,US 6.5,Black,Mesh,$54.99 ,90,$159.99,Milan
376,Nike,Blazer Mid '77,Casual,Men,US 10,White/Black,Leather,$100.00 ,3,$239.99,Bari
377,Adidas,NMD_R1,Lifestyle,Women,US 6,Pink/White,Primeknit,$130.00 ,57,$289.99,Rome
378,Reebok,Legacy Lifter,Weightlifting,Men,US 9.5,Black/Gold,Leather,$200.00 ,68,$249.99,Bari
379,Converse,Run Star Hike,Casual,Women,US 7.5,Pink,Canvas,$110.00 ,22,$149.99,Naples
380,Puma,Wild Rider,Lifestyle,Men,US 11,Black/White,Suede/Leather,$90.00 ,71,$239.99,Turin
381,Vans,Slip-On,Casual,Women,US 8,Black/White Checkerboard,Canvas,$50.00 ,16,$289.99,Bari
382,New Balance,Fresh Foam 1080v10,Running,Men,US 12,Black/Green,Mesh,$150.00 ,98,$289.99,Florence
383,Asics,Gel-Quantum 360 6,Running,Women,US 9,Black/White,Mesh,$150.00 ,76,$289.99,Milan
384,Fila,Spaghetti,Fashion,Men,US 9.5,White/Navy,Leather/Synthetic,$75.00 ,48,$99.99,Milan
385,Nike,Air Max 90,Running,Men,US 8.5,White,Leather,$120.00 ,26,$229.99,Naples
386,Adidas,NMD_R1,Lifestyle,Women,US 7,Black/Pink,Primeknit,$130.00 ,79,$269.99,Bologna
387,Reebok,Nano X,Crossfit,Men,US 9,Grey,Mesh,$130.00 ,29,$289.99,Bari
388,Converse,All Star Pro BB,Basketball,Women,US 9.5,Purple,Canvas,$110.00 ,86,$249.99,Bari
389,Puma,Suede Classic,Casual,Men,US 11,Black,Suede,$65.00 ,4,$229.99,Turin
390,Vans,Sk8-Hi,Skate,Women,US 7.5,Yellow,Suede,$65.00 ,96,$179.99,Palermo
391,New Balance,574,Casual,Men,US 10,Grey,Suede/Mesh,$80.00 ,82,$99.99,Rome
392,Asics,Gel-Quantum 360 6,Running,Women,US 8.5,Black,Mesh,$150.00 ,98,$269.99,Turin
393,Fila,Original Fitness,Fashion,Men,US 10.5,White,Leather,$65.00 ,67,$289.99,Catania
394,Skechers,Go Run 600,Running,Women,US 6,Pink,Mesh,$60.00 ,76,$229.99,Bologna
395,Nike,Air Force 1,Casual,Men,US 9.5,Grey,Leather,$90.00 ,41,$129.99,Naples
396,Adidas,Yeezy Boost 350,Lifestyle,Women,US 6.5,Cream,Primeknit,$220.00 ,8,$289.99,Catania
397,Reebok,Legacy Lifter,Weightlifting,Men,US 10.5,Black,Leather,$200.00 ,1,$209.99,Turin
398,Converse,Pro Leather,Casual,Women,US 8.5,White/Green,Leather,$85.00 ,21,$299.99,Turin
399,Puma,RS-X³ Puzzle,Lifestyle,Men,US 8.5,Red,Synthetic,$110.00 ,79,$229.99,Bologna
400,Vans,Slip-On,Skate,Women,US 8,Black/White,Canvas,$50.00 ,77,$109.99,Bologna
401,New Balance,FuelCell Propel v3,Running,Men,US 9,Red,Mesh,$100.00 ,6,$159.99,Florence
402,Asics,Gel-Kayano 28,Running,Women,US 7.5,White/Pink,Mesh,$160.00 ,84,$179.99,Milan
403,Fila,Disruptor Low,Fashion,Men,US 9.5,White/Navy,Synthetic,$60.00 ,84,$119.99,Rome
404,Skechers,Elite Flex,Walking,Women,US 7.5,Black,Mesh,$70.00 ,13,$199.99,Bologna
405,Nike,Air Force 1 '07,Basketball,Men,US 9.5,White,Leather,$100.00 ,32,$259.99,Florence
406,Adidas,NMD_R1,Running,Women,US 7,Grey,Primeknit,$140.00 ,100,$229.99,Turin
407,Reebok,Aztrek Double Mix,Casual,Women,US 8,Pink/White,Suede/Mesh,$100.00 ,84,$129.99,Catania
408,Converse,All Star Leather,Casual,Men,US 8.5,Black,Leather,$65.00 ,61,$129.99,Rome
409,Puma,Calibrate Runner,Running,Men,US 10,Blue,Mesh,$90.00 ,46,$259.99,Catania
410,Vans,SK8-Hi,Skate,Women,US 6.5,Black/White,Suede/Canvas,$70.00 ,4,$179.99,Milan
411,New Balance,Fresh Foam 880v11,Running,Men,US 11.5,Red,Mesh,$130.00 ,71,$199.99,Florence
412,Asics,Gel-Cumulus 23,Running,Women,US 9.5,Purple,Mesh,$120.00 ,22,$219.99,Milan
413,Fila,Mindblower,Fashion,Men,US 9.5,White/Blue,Leather/Synthetic,$75.00 ,39,$229.99,Milan
414,Skechers,Summits - Quick Lapse,Walking,Women,US 8,Black/Pink,Mesh,$60.00 ,92,$129.99,Palermo
415,Nike,Air Max 97,Running,Men,US 11.5,Black,Leather/Synthetic,$170.00 ,65,$219.99,Bari
416,Adidas,ZX 2K Boost,Casual,Women,US 7.5,White/Pink,Mesh/Synthetic,$150.00 ,81,$209.99,Catania
417,Reebok,Club C Revenge,Casual,Men,US 10,White/Green,Leather,$80.00 ,28,$209.99,Florence
418,Converse,Chuck 70 High,Casual,Women,US 6,Red,Canvas,$85.00 ,52,$169.99,Catania
419,Puma,Cali Sport,Lifestyle,Men,US 8.5,Black/White,Leather,$80.00 ,83,$279.99,Milan
420,Vans,Slip-On,Skate,Women,US 7,Black/White,Canvas,$50.00 ,76,$169.99,Bari
421,New Balance,Fresh Foam More v2,Running,Men,US 9,Grey,Mesh,$165.00 ,24,$199.99,Rome
422,Asics,GT-2000 10,Running,Women,US 8,Blue,Mesh,$120.00 ,94,$199.99,Bari
423,Fila,Original Fitness,Fashion,Men,US 11,White,Leather,$60.00 ,19,$179.99,Genoa
424,Nike,Air Force 1,Basketball,Men,US 11,White,Leather,$90.00 ,55,$269.99,Naples
425,Adidas,NMD_R1,Running,Women,US 8,Pink,Primeknit,$140.00 ,6,$209.99,Naples
426,Reebok,Zig Kinetica,Running,Men,US 10.5,Black,Mesh,$120.00 ,28,$169.99,Genoa
427,Converse,Jack Purcell,Casual,Women,US 7.5,White,Canvas,$65.00 ,83,$299.99,Turin
428,Puma,Clyde All-Pro,Basketball,Men,US 10.5,Black,Leather,$130.00 ,56,$149.99,Bari
429,Vans,Sk8-Hi,Skate,Women,US 9,Black/White,Canvas/Suede,$70.00 ,40,$279.99,Bari
430,New Balance,Fresh Foam More v3,Running,Men,US 9.5,Blue,Mesh,$165.00 ,91,$279.99,Rome
431,Asics,Gel-Kayano Lite,Running,Women,US 7.5,Black,Mesh,$120.00 ,97,$209.99,Bologna
432,Fila,Mindblower,Fashion,Men,US 9,Grey,Synthetic,$70.00 ,56,$119.99,Florence
433,Skechers,D'Lites,Lifestyle,Women,US 8.5,White,Leather/Synthetic,$65.00 ,72,$179.99,Catania
434,Nike,Air Max 95,Running,Men,US 11,Grey,Synthetic,$170.00 ,3,$209.99,Florence
435,Adidas,Superstar,Casual,Women,US 7,White/Black,Leather,$80.00 ,97,$149.99,Genoa
436,Reebok,DMX Series 2K,Casual,Men,US 9.5,White/Blue,Synthetic,$90.00 ,84,$259.99,Rome
437,Converse,All Star Lift,Casual,Women,US 6.5,Black,Canvas,$65.00 ,2,$259.99,Turin
438,Puma,Ralph Sampson,Basketball,Men,US 11,White,Leather,$80.00 ,28,$159.99,Bologna
439,Vans,Era,Skate,Women,US 8.5,Red,Canvas,$55.00 ,23,$219.99,Catania
440,New Balance,FuelCell Rebel v2,Running,Men,US 10,Black,Mesh,$130.00 ,36,$249.99,Bologna
441,Asics,Gel-Quantum 90,Running,Women,US 8,Black/Pink,Mesh,$80.00 ,31,$199.99,Naples
442,Fila,Original Fitness,Casual,Men,US 8.5,White/Red,Leather,$65.00 ,49,$149.99,Milan
443,Skechers,Elite Flex Wasick,Training,Women,US 7.5,Grey,Knit,$65.00 ,35,$289.99,Naples
444,Nike,React Infinity Run Flyknit,Running,Men,US 10,Blue,Flyknit,$160.00 ,86,$229.99,Genoa
445,Nike,Air Force 1 '07,Casual,Men,US 9,White/Black,Leather,$90.00 ,72,$169.99,Milan
446,Adidas,Yeezy Boost 350 V2,Fashion,Women,US 8.5,Cream White,Primeknit/Synthetic,$220.00 ,78,$239.99,Florence
447,Reebok,Nano X1 Adventure,Training,Men,US 10.5,Black,Mesh/Synthetic,$130.00 ,5,$189.99,Palermo
448,Converse,Jack Purcell,Casual,Women,US 7,White,Canvas,$65.00 ,70,$179.99,Catania
449,Puma,Calibrate Runner,Running,Men,US 11,Grey,Mesh/Synthetic,$100.00 ,6,$299.99,Florence
450,Vans,SK8-Hi,Skate,Women,US 9.5,Purple,Canvas/Suede,$70.00 ,6,$199.99,Turin
451,New Balance,FuelCell Rebel v2,Running,Men,US 9.5,Black/White,Mesh/Synthetic,$130.00 ,84,$199.99,Florence
452,Asics,Gel-Quantum 360 6,Running,Women,US 6,Pink,Mesh/Synthetic,$170.00 ,85,$249.99,Naples
453,Fila,Mindblower,Fashion,Men,US 8.5,Red/White,Synthetic/Leather,$75.00 ,53,$289.99,Bologna
454,Skechers,Max Cushioning Elite,Running,Women,US 7,Navy,Mesh/Synthetic,$110.00 ,98,$289.99,Bologna
455,Nike,Air Max 90,Running,Men,US 8,Black/White,Leather/Mesh,$120.00 ,77,$199.99,Genoa
456,Adidas,NMD_R1,Fashion,Women,US 7,Grey,Knit/Synthetic,$140.00 ,89,$249.99,Naples
457,Reebok,Nano X1 Grit,Training,Men,US 11,Grey/Black,Mesh/Synthetic,$130.00 ,40,$289.99,Genoa
458,Converse,All Star,Casual,Men,US 9,Navy,Canvas,$55.00 ,27,$159.99,Rome
459,Puma,Future Rider Play On,Lifestyle,Women,US 9,Yellow,Synthetic/Textile,$80.00 ,95,$279.99,Rome
460,Vans,Era,Skate,Men,US 9.5,Black/White,Canvas,$50.00 ,4,$149.99,Turin
461,New Balance,Fresh Foam X Beacon v3,Running,Women,US 7,White/Grey,Mesh,$120.00 ,72,$209.99,Milan
462,Asics,Gel-Kayano 27,Running,Men,US 12,Black,Mesh/Synthetic,$160.00 ,67,$259.99,Florence
463,Fila,Trigate,Fashion,Women,US 8,Pink,Synthetic/Leather,$65.00 ,42,$249.99,Bari
464,Nike,Air Force 1,Casual,Men,US 11,White,Leather,$90.00 ,47,$249.99,Florence
465,Adidas,Yeezy Boost 350 V2,Fashion,Women,US 7,Cream,Primeknit,$220.00 ,48,$259.99,Genoa
466,Reebok,Nano X1,CrossFit,Men,US 10,Black/White,Mesh,$130.00 ,9,$229.99,Palermo
467,Converse,All Star,Casual,Women,US 8.5,Red,Canvas,$60.00 ,87,$179.99,Genoa
468,Puma,Calibrate Rest,Running,Men,US 8.5,Grey,Mesh,$100.00 ,66,$139.99,Milan
469,Vans,Sk8-Hi,Skate,Men,US 9,Black/White,Suede/Canvas,$70.00 ,32,$259.99,Bari
470,New Balance,327,Casual,Women,US 7,Green/White,Suede/Nylon,$90.00 ,33,$109.99,Bologna
471,Asics,Gel-Cumulus 23,Running,Men,US 9,Black,Mesh,$120.00 ,4,$199.99,Milan
472,Fila,Mindblower,Fashion,Women,US 7.5,Pink,Leather,$75.00 ,52,$269.99,Bologna
473,Skechers,Max Cushioning,Walking,Men,US 11,Grey,Mesh,$90.00 ,3,$219.99,Catania
474,Nike,React Infinity Run Flyknit 2,Running,Women,US 8,Blue,Flyknit,$160.00 ,52,$199.99,Bari
475,Adidas,Ultraboost 20,Running,Men,US 9.5,White,Primeknit,$180.00 ,20,$239.99,Catania
476,Reebok,Aztrek 96,Casual,Women,US 9,Purple,Synthetic,$90.00 ,50,$129.99,Rome
477,Converse,Jack Purcell,Casual,Men,US 8.5,White,Canvas,$70.00 ,15,$89.99,Palermo
478,Puma,RS-X3,Fashion,Women,US 7.5,Pink,Leather/Synthetic,$110.00 ,19,$169.99,Palermo
479,Vans,Slip-On,Skate,Men,US 9.5,Checkerboard Black/White,Canvas,$50.00 ,39,$79.99,Rome
480,New Balance,FuelCell Rebel v2,Running,Women,US 8.5,Grey/Green,Mesh,$130.00 ,64,$239.99,Catania
481,Asics,Gel-Quantum 360 6,Running,Men,US 10,Black,Mesh,$160.00 ,56,$269.99,Palermo
482,Fila,D-Formation,Fashion,Women,US 6,White/Black,Leather/Synthetic,$70.00 ,47,$89.99,Catania
483,Skechers,Go Walk 5,Walking,Men,US 10,Black,Mesh,$65.00 ,36,$239.99,Genoa
484,Nike,Air Max 2090,Running,Women,US 7.5,Green,Mesh,$150.00 ,6,$229.99,Genoa
485,Nike,React Infinity Run,Running,Men,US 9.5,Blue/Black,Mesh,$160.00 ,77,$279.99,Bari
486,Adidas,NMD_R1,Lifestyle,Women,US 7.5,Grey,Primeknit,$130.00 ,31,$279.99,Naples
487,Reebok,Nano 9,Training,Men,US 10,Black,Flexweave,$130.00 ,84,$209.99,Florence
488,Converse,All Star Pro BB,Basketball,Women,US 8.5,White,Leather,$100.00 ,81,$209.99,Turin
489,Puma,Clyde Hardwood,Basketball,Men,US 8,Red/Black,Leather,$110.00 ,46,$239.99,Catania
490,Vans,Sk8-Hi,Skate,Women,US 7.5,Black/White,Suede/Canvas,$70.00 ,50,$219.99,Bologna
491,New Balance,327,Casual,Men,US 9.5,Green,Suede/Mesh,$90.00 ,41,$299.99,Naples
492,Asics,Gel-Quantum 360 6,Running,Women,US 8,Pink,Mesh/Synthetic,$160.00 ,25,$219.99,Catania
493,Fila,Mindblower,Fashion,Men,US 10,White/Red,Leather,$75.00 ,72,$89.99,Florence
494,Skechers,D'Lites,Walking,Women,US 7.5,Black,Leather/Synthetic,$60.00 ,32,$69.99,Genoa
495,Nike,Blazer Mid '77,Casual,Men,US 10,White/Black,Leather,$100.00 ,99,$159.99,Bari
496,Adidas,Superstar,Casual,Women,US 8.5,White/Black,Leather,$80.00 ,96,$159.99,Turin
497,Reebok,Classic Nylon,Casual,Men,US 11,Black,Nylon/Suede,$60.00 ,68,$229.99,Catania
498,Converse,Chuck 70,Casual,Women,US 7.5,Egret,Canvas,$85.00 ,6,$229.99,Florence
499,Puma,Ralph Sampson Mid,Basketball,Men,US 9.5,White,Leather,$90.00 ,12,$189.99,Rome
500,Vans,Era,Skate,Men,US 8.5,Red,Canvas,$55.00 ,28,$159.99,Palermo
501,New Balance,FuelCell Rebel v2,Running,Women,US 7,Purple,Mesh,$130.00 ,90,$289.99,Bologna
502,Asics,GT-2000 10,Running,Men,US 9.5,Grey,Mesh,$120.00 ,84,$299.99,Naples
503,Fila,Trailblazer,Hiking,Women,US 8,Beige,Leather/Synthetic,$85.00 ,17,$269.99,Turin
504,Skechers,Summits,Training,Men,US 11,Black,Mesh,$60.00 ,26,$109.99,Milan
505,Nike,Air Force 1,Basketball,Men,US 11,White,Leather,$90.00 ,83,$239.99,Palermo
506,Adidas,Yeezy Boost 350 V2,Lifestyle,Men,US 10,Cream,Primeknit,$220.00 ,52,$249.99,Turin
507,Reebok,Zig Kinetica,Running,Women,US 9,Pink,Mesh,$120.00 ,85,$219.99,Naples
508,Converse,Chuck 70,Casual,Men,US 9,Black,Canvas,$85.00 ,39,$269.99,Genoa
509,Puma,Clyde All-Pro,Basketball,Men,US 9.5,Black,Leather,$130.00 ,57,$259.99,Bologna
510,Vans,Sk8-Hi,Skate,Women,US 7,Black/White,Suede/Canvas,$70.00 ,47,$179.99,Bologna
511,New Balance,574,Casual,Men,US 8,Grey,Suede/Mesh,$80.00 ,45,$179.99,Catania
512,Asics,Gel-Quantum 360,Running,Women,US 7.5,Grey,Mesh,$170.00 ,98,$209.99,Florence
513,Fila,Mindblower,Fashion,Men,US 11,White/Red,Leather,$75.00 ,13,$209.99,Florence
514,Skechers,Energy Wave Linxe,Walking,Women,US 8,Grey,Mesh,$60.00 ,4,$269.99,Naples
515,Nike,React Infinity Run Flyknit 2,Running,Men,US 9.5,Black/White,Flyknit,$160.00 ,21,$289.99,Turin
516,Adidas,Ultraboost DNA,Running,Women,US 6.5,White,Primeknit,$180.00 ,5,$249.99,Milan
517,Reebok,Nano X1,Training,Men,US 10,Blue,Mesh,$130.00 ,1,$229.99,Florence
518,Converse,Jack Purcell,Casual,Women,US 7,White,Canvas,$65.00 ,62,$119.99,Bologna
519,Puma,Calibrate Runner,Running,Men,US 10.5,Grey,Mesh,$120.00 ,32,$249.99,Catania
520,Vans,Slip-On,Skate,Men,US 8.5,Black/White,Canvas,$50.00 ,6,$209.99,Milan
521,New Balance,FuelCell Rebel V2,Running,Women,US 7.5,Pink,Mesh,$110.00 ,99,$289.99,Bologna
522,Asics,Gel-Kayano 27,Running,Men,US 11.5,Black,Mesh,$160.00 ,10,$209.99,Turin
523,Fila,Original Fitness,Casual,Women,US 8.5,White,Leather,$60.00 ,62,$169.99,Catania
524,Skechers,Go Run Mojo 2.0,Running,Men,US 9,Black,Mesh,$55.00 ,99,$69.99,Naples
525,Nike,Zoom Fly 3,Running,Women,US 9,Blue,Mesh,$160.00 ,11,$179.99,Turin
526,Nike,Blazer Mid '77,Basketball,Men,US 11,White/Black,Leather,$100.00 ,87,$249.99,Genoa
527,Adidas,Yeezy Boost 350 V2,Lifestyle,Women,US 6.5,Cloud White,Primeknit,$220.00 ,39,$269.99,Florence
528,Reebok,Nano X1,CrossFit,Men,US 9.5,Black/White,Knit/Synthetic,$130.00 ,39,$229.99,Genoa
529,Converse,Jack Purcell,Casual,Women,US 8,Pink,Canvas,$65.00 ,9,$89.99,Turin
530,Puma,Calibrate,Running,Men,US 10,Grey/White,Mesh/Synthetic,$120.00 ,26,$129.99,Palermo
531,Vans,Sk8-Hi,Skate,Women,US 7,Black/White,Suede/Canvas,$70.00 ,89,$119.99,Milan
532,New Balance,574,Casual,Men,US 12,Navy/Red,Suede/Mesh,$85.00 ,98,$119.99,Genoa
533,Asics,Gel-Quantum 90,Running,Women,US 7.5,Black/Gold,Mesh/Synthetic,$90.00 ,5,$209.99,Naples
534,Fila,Original Fitness,Casual,Men,US 11,White/Navy/Red,Leather,$70.00 ,82,$239.99,Milan
535,Skechers,Elite Flex,Walking,Women,US 9,Grey/Pink,Knit,$70.00 ,73,$289.99,Catania
536,Nike,Air Zoom Pegasus 38,Running,Men,US 10,Blue,Mesh/Synthetic,$120.00 ,23,$279.99,Palermo
537,Adidas,NMD_R1,Lifestyle,Women,US 8.5,Black/Pink,Knit,$140.00 ,24,$279.99,Turin
538,Reebok,Floatride Energy 3,Running,Men,US 8.5,White/Black,Knit/Synthetic,$100.00 ,61,$139.99,Genoa
539,Converse,All Star Chuck 70,Skate,Women,US 9,Black,Canvas,$85.00 ,59,$159.99,Turin
540,Puma,Clyde All-Pro,Basketball,Men,US 9,Black/Yellow,Leather/Synthetic,$130.00 ,20,$259.99,Catania
541,Vans,Era,Skate,Women,US 8,Multi-color,Canvas,$55.00 ,74,$79.99,Florence
542,New Balance,Fresh Foam 880v11,Running,Men,US 9.5,Grey,Mesh,$130.00 ,31,$269.99,Genoa
543,Asics,Gel-Kayano 28,Running,Women,US 9,Black,Mesh,$160.00 ,37,$249.99,Milan
544,Fila,Trigate,Running,Men,US 10,Black/White,Mesh/Synthetic,$65.00 ,82,$109.99,Genoa
545,Nike,React Infinity Run,Running,Men,US 9.5,Blue/Green,Mesh,$160.00 ,30,$279.99,Naples
546,Adidas,NMD_R1,Lifestyle,Women,US 8,White/Black,Primeknit,$140.00 ,24,$169.99,Palermo
547,Reebok,Nano 9,CrossFit,Men,US 10,Black,Synthetic/Textile,$130.00 ,90,$269.99,Genoa
548,Converse,Jack Purcell,Casual,Women,US 7.5,White,Canvas,$65.00 ,26,$159.99,Bari
549,Puma,Calibrate Runner,Running,Men,US 11,Black/White,Mesh,$120.00 ,88,$189.99,Bari
550,Vans,Era,Skate,Women,US 7.5,Pink,Canvas,$50.00 ,12,$209.99,Florence
551,New Balance,327,Casual,Men,US 8,Grey/Green,Suede/Mesh,$100.00 ,30,$249.99,Milan
552,Asics,Gel-Quantum 180 5,Running,Women,US 9,Pink/Black,Mesh/Synthetic,$120.00 ,19,$169.99,Naples
553,Fila,D-Formation,Fashion,Men,US 9.5,White/Red,Leather/Synthetic,$70.00 ,94,$159.99,Bari
554,Skechers,Max Cushioning Elite,Running,Women,US 6.5,Grey/Pink,Mesh,$90.00 ,64,$249.99,Milan
555,Nike,ZoomX Vaporfly Next%,Running,Men,US 10,Black/White,Mesh,$250.00 ,94,$279.99,Bari
556,Adidas,Yeezy Boost 350 V2,Fashion,Women,US 7.5,Cream White,Primeknit,$220.00 ,17,$259.99,Florence
557,Reebok,Aztrek 96,Casual,Men,US 11.5,Black/White,Suede/Textile,$90.00 ,85,$99.99,Florence
558,Converse,Chuck 70,Casual,Women,US 6.5,Sunflower,Canvas,$85.00 ,4,$289.99,Bologna
559,Puma,Future Rider,Lifestyle,Men,US 10,Blue/Red,Synthetic/Mesh,$80.00 ,23,$119.99,Rome
560,Vans,Sk8-Hi,Skate,Women,US 8,Yellow,Canvas/Suede,$65.00 ,42,$219.99,Bari
561,New Balance,Fresh Foam More,Running,Men,US 9.5,Black/White,Mesh,$165.00 ,6,$279.99,Genoa
562,Asics,Gel-Kayano 28,Running,Women,US 7,White/Pink,Mesh,$160.00 ,86,$229.99,Naples
563,Fila,Venom,Fashion,Men,US 8.5,White/Red/Navy,Leather/Synthetic,$65.00 ,47,$219.99,Rome
564,Nike,Air Force 1 '07,Basketball,Men,US 11,White,Leather,$90.00 ,63,$259.99,Milan
565,Adidas,NMD_R1,Lifestyle,Women,US 8,Pink,Primeknit,$130.00 ,59,$169.99,Palermo
566,Reebok,Nano X1 Adventure,Training,Men,US 10.5,Grey,Flexweave,$130.00 ,43,$289.99,Milan
567,Converse,Jack Purcell Low Top,Casual,Women,US 7,White,Canvas,$65.00 ,19,$269.99,Florence
568,Puma,Clyde All-Pro,Basketball,Men,US 12,Black/White,Leather/Synthetic,$130.00 ,75,$209.99,Rome
569,Vans,SK8-Hi,Skate,Women,US 7.5,Pink,Suede/Canvas,$65.00 ,91,$139.99,Milan
570,New Balance,327,Lifestyle,Men,US 9.5,Green,Suede/Mesh,$90.00 ,83,$239.99,Bologna
571,Asics,Gel-Lyte III,Lifestyle,Women,US 9,Black/Grey,Leather/Suede,$110.00 ,94,$229.99,Bari
572,Fila,Original Fitness,Fashion,Men,US 9.5,White,Leather,$60.00 ,36,$109.99,Florence
573,Skechers,Max Cushioning Elite,Running,Women,US 7,Black,Mesh,$100.00 ,65,$199.99,Bologna
574,Nike,Air Zoom Pegasus 38,Running,Men,US 10,Blue,Mesh,$120.00 ,44,$159.99,Milan
575,Adidas,Harden Vol. 5,Basketball,Women,US 8.5,Grey,Textile,$130.00 ,73,$179.99,Florence
576,Reebok,DMX Trail Shadow,Running,Men,US 9,Orange,Synthetic/Mesh,$120.00 ,68,$149.99,Turin
577,Converse,Chuck 70 High Top,Casual,Men,US 11.5,Black,Canvas,$85.00 ,65,$239.99,Milan
578,Puma,RS-X Hard Drive,Lifestyle,Women,US 6.5,Silver/White,Mesh/Synthetic,$120.00 ,39,$159.99,Bari
579,Vans,Era,Skate,Men,US 8.5,Red,Canvas,$50.00 ,9,$199.99,Catania
580,New Balance,Fresh Foam More v3,Running,Women,US 8,Black,Mesh/Synthetic,$165.00 ,92,$179.99,Naples
581,Asics,Gel-Quantum 360 6,Running,Men,US 10.5,Black/Red,Mesh/Synthetic,$170.00 ,64,$259.99,Naples
582,Fila,Mindblower,Fashion,Women,US 7,Pink,Synthetic,$75.00 ,20,$109.99,Florence
583,Skechers,D'Lites Fresh Start,Walking,Men,US 12,White,Synthetic/Leather,$65.00 ,49,$269.99,Turin
584,Nike,Blazer Mid '77,Skate,Men,US 9,Black/White,Leather,$100.00 ,5,$269.99,Naples
585,Adidas,Ultraboost DNA,Running,Women,US 8.5,Grey,Primeknit,$180.00 ,32,$209.99,Florence
586,Reebok,Classic Nylon,Casual,Men,US 12,Navy,Nylon,$65.00 ,51,$219.99,Naples
587,Converse,Chuck 70,Casual,Women,US 6.5,Pink,Canvas,$85.00 ,95,$109.99,Turin
588,Puma,Calibrate Runner,Running,Men,US 10,Black,Mesh,$90.00 ,50,$99.99,Catania
589,Vans,Sk8-Hi,Skate,Women,US 7.5,Red,Canvas/Suede,$70.00 ,74,$169.99,Palermo
590,New Balance,Fresh Foam More,Running,Men,US 9.5,Black,Mesh,$160.00 ,58,$229.99,Genoa
591,Asics,Gel-Quantum 180,Running,Women,US 7.5,Blue,Mesh,$120.00 ,34,$219.99,Naples
592,Fila,D-Formation,Fashion,Men,US 11,White,Leather,$70.00 ,84,$119.99,Rome
593,Skechers,Solar Fuse,Walking,Women,US 8,Grey,Mesh,$70.00 ,13,$209.99,Bari
594,Nike,Air Max 2090,Running,Men,US 10.5,Green,Mesh,$150.00 ,11,$159.99,Florence
595,Adidas,Adilette Shower,Slides,Women,US 6,Pink,Synthetic,$25.00 ,40,$49.99,Turin
596,Reebok,Nano X1,Training,Men,US 11,Red,Mesh,$130.00 ,77,$159.99,Turin
597,Converse,Jack Purcell,Casual,Women,US 7.5,White,Canvas,$75.00 ,46,$239.99,Palermo
598,Puma,Suede Classic+,Casual,Men,US 8,Black,Suede,$65.00 ,35,$99.99,Rome
599,Vans,Slip-On,Skate,Women,US 9,Checkerboard Black/White,Canvas,$50.00 ,5,$109.99,Palermo
600,New Balance,FuelCell Rebel v2,Running,Men,US 8.5,Green,Mesh,$130.00 ,78,$179.99,Rome
601,Asics,Gel-Sonoma 6,Trail,Women,US 6.5,Grey,Mesh,$75.00 ,38,$209.99,Catania
602,Fila,Ray Tracer Evo,Fashion,Men,US 12,Black,Synthetic,$65.00 ,57,$149.99,Naples
603,Skechers,Max Cushioning,Running,Women,US 8,Navy,Mesh,$85.00 ,49,$149.99,Naples
604,Nike,React Infinity Run Flyknit,Running,Men,US 11,Blue,Flyknit,$160.00 ,80,$249.99,Palermo
605,Nike,Air Force 1 Low,Casual,Men,US 12,White,Leather,$90.00 ,44,$279.99,Florence
606,Adidas,Yeezy Boost 350,Fashion,Women,US 8,Cream White,Primeknit,$220.00 ,36,$269.99,Bologna
607,Reebok,Nano 9,Training,Men,US 11,Black/Gum,Flexweave/Cushioning,$130.00 ,48,$249.99,Catania
608,Converse,Jack Purcell,Casual,Women,US 7.5,Egret/Black,Canvas,$65.00 ,45,$219.99,Turin
609,Puma,Calibrate Runner,Running,Men,US 10.5,Grey,Mesh,$100.00 ,37,$259.99,Turin
610,Vans,Sk8-Hi,Skate,Women,US 9.5,Black/White,Canvas/Suede,$70.00 ,10,$229.99,Palermo
611,New Balance,997H,Casual,Men,US 9.5,Black/Grey,Suede/Mesh,$89.99 ,53,$239.99,Turin
612,Asics,Gel-Cumulus 22,Running,Women,US 8,Pink,Mesh,$120.00 ,31,$159.99,Catania
613,Fila,Mindblower,Fashion,Men,US 8.5,White/Navy/Red,Synthetic/Leather,$75.00 ,7,$199.99,Catania
614,Skechers,Go Walk 5,Walking,Women,US 7,Black,Mesh,$60.00 ,87,$139.99,Turin
615,Nike,Blazer Low,Casual,Men,US 10,Black,Leather,$85.00 ,53,$99.99,Palermo
616,Adidas,Ultraboost 6.0,Running,Women,US 7,Grey,Primeknit,$180.00 ,73,$269.99,Bari
617,Reebok,Aztrek 96,Casual,Men,US 12,White/Black,Synthetic,$90.00 ,51,$259.99,Florence
618,Converse,Pro Leather,Basketball,Women,US 8.5,White,Leather,$75.00 ,49,$139.99,Catania
619,Puma,Suede Classic,Casual,Men,US 9.5,Black/White,Suede,$65.00 ,30,$89.99,Turin
620,Vans,Era,Skate,Women,US 8,True White,Canvas,$50.00 ,84,$139.99,Milan
621,New Balance,1500v6,Racing,Men,US 8,Orange,Mesh,$110.00 ,93,$279.99,Florence
622,Asics,Gel-Kayano 27,Running,Women,US 7,Grey,Mesh,$160.00 ,42,$289.99,Bari
623,Fila,Original Fitness,Casual,Men,US 10.5,Black,Leather,$60.00 ,73,$289.99,Milan
624,Skechers,Go Run Mojo,Running,Women,US 9.5,Grey/Pink,Mesh,$60.00 ,1,$249.99,Bologna
625,Nike,Air Force 1,Casual,Men,US 10.5,White,Leather,$90.00 ,89,$229.99,Bari
626,Adidas,NMD_R1,Lifestyle,Women,US 8.5,Grey/Pink,Primeknit,$140.00 ,10,$159.99,Naples
627,Reebok,Nano X1 Adventure,Training,Men,US 11,Black,Knit,$130.00 ,56,$259.99,Palermo
628,Converse,Chuck 70,Casual,Women,US 7,Pink,Canvas,$85.00 ,9,$299.99,Bologna
629,Puma,Cali Sport,Fashion,Women,US 6.5,White/Black,Leather,$80.00 ,6,$279.99,Rome
630,Vans,Sk8-Hi,Skate,Men,US 9.5,Blue/White,Suede/Canvas,$70.00 ,16,$249.99,Bari
631,New Balance,Fresh Foam More v3,Running,Women,US 7.5,Pink/White,Mesh,$165.00 ,34,$229.99,Palermo
632,Asics,Gel-Cumulus 23,Running,Men,US 9.5,Black,Mesh,$120.00 ,43,$199.99,Rome
633,Fila,Trail Blazer,Hiking,Women,US 9.5,Green,Suede/Leather,$70.00 ,37,$109.99,Bari
634,Skechers,Go Run Mojo Pep,Running,Men,US 8.5,Black,Mesh,$70.00 ,32,$269.99,Rome
635,Nike,Air Zoom Pegasus 38,Running,Women,US 6.5,Blue/Pink,Mesh,$120.00 ,16,$189.99,Catania
636,Adidas,Superstar,Casual,Men,US 11,White/Black,Leather,$80.00 ,8,$189.99,Palermo
637,Reebok,Classic Nylon,Casual,Women,US 8.5,Purple,Nylon,$65.00 ,14,$259.99,Naples
638,Converse,Jack Purcell,Casual,Men,US 9,White,Canvas,$70.00 ,13,$279.99,Turin
639,Puma,Suede Classic+,Casual,Women,US 7,Black,Suede,$65.00 ,64,$239.99,Naples
640,Vans,Era,Skate,Men,US 10.5,Black/White,Canvas,$55.00 ,34,$279.99,Rome
641,New Balance,574,Casual,Women,US 9,Grey/White,Suede/Mesh,$80.00 ,95,$119.99,Palermo
642,Asics,Gel-Contend 7,Running,Men,US 10,Blue,Mesh,$70.00 ,53,$219.99,Bari
643,Fila,Trigate,Running,Women,US 7,Black/Pink,Synthetic/Mesh,$70.00 ,34,$159.99,Florence
644,Skechers,Flex Appeal 4.0,Training,Men,US 8.5,Grey/Orange,Knit,$70.00 ,99,$99.99,Turin
645,Nike,Air Force 1 Low,Casual,Men,US 9.5,White,Leather,$90.00 ,48,$209.99,Florence
646,Adidas,Yeezy Boost 350 V2,Lifestyle,Men,US 11,Cream White,Primeknit,$220.00 ,79,$229.99,Milan
647,Reebok,Aztrek,Retro,Women,US 7.5,Black/Gold/Red,Suede/Mesh,$90.00 ,30,$189.99,Turin
648,Converse,Jack Purcell,Casual,Men,US 8,Navy,Canvas,$65.00 ,13,$139.99,Milan
649,Puma,Calibrate Runner,Running,Women,US 8,Grey/White,Mesh,$80.00 ,44,$139.99,Genoa
650,Vans,Era,Skate,Men,US 10,Black/White,Canvas,$55.00 ,51,$239.99,Turin
651,New Balance,327,Retro,Men,US 12,Grey/Orange,Suede/Mesh,$100.00 ,96,$179.99,Bari
652,Asics,Gel-Kayano 27,Running,Women,US 9.5,Blue/Pink,Mesh,$160.00 ,1,$239.99,Turin
653,Fila,D-Formation,Fashion,Men,US 9,Black,Leather/Synthetic,$65.00 ,62,$99.99,Florence
654,Skechers,Go Run Ride 8,Running,Women,US 7.5,Black/Pink,Mesh,$90.00 ,59,$299.99,Rome
655,Nike,React Infinity Run,Running,Men,US 11,Black,Mesh/Synthetic,$160.00 ,32,$179.99,Naples
656,Adidas,NMD_R1,Lifestyle,Women,US 8,Black/Grey,Primeknit,$130.00 ,77,$179.99,Catania
657,Reebok,Club MEMT,Casual,Men,US 9.5,White/Grey,Leather,$65.00 ,16,$159.99,Genoa
658,Converse,Chuck 70,Skate,Women,US 6.5,White,Canvas,$85.00 ,35,$149.99,Bari
659,Puma,Clyde,Retro,Men,US 8,Red,Suede,$80.00 ,97,$149.99,Palermo
660,Vans,Sk8-Hi,Skate,Women,US 7.5,Pink/White,Canvas,$65.00 ,30,$249.99,Naples
661,New Balance,1080v10,Running,Men,US 10.5,Grey,Mesh,$150.00 ,44,$199.99,Palermo
662,Asics,Gel-Quantum 180,Running,Women,US 7.5,Black/White,Mesh,$140.00 ,64,$199.99,Rome
663,Fila,Original Fitness,Casual,Men,US 10,White/Navy/Red,Leather,$60.00 ,15,$179.99,Florence
664,Skechers,Summits,Walking,Women,US 9,Black/Grey,Mesh,$60.00 ,39,$119.99,Bari
665,Nike,Air Force 1,Basketball,Men,US 11,White,Leather,$90.00 ,19,$209.99,Catania
666,Adidas,Yeezy Boost 350 V2,Lifestyle,Men,US 9,Natural,Primeknit,$220.00 ,29,$279.99,Catania
667,Reebok,Legacy Lifter,Weightlifting,Men,US 10.5,Black,Synthetic,$150.00 ,8,$289.99,Naples
668,Converse,Jack Purcell,Casual,Women,US 7.5,White,Canvas,$75.00 ,33,$89.99,Rome
669,Puma,Calibrate Runner,Running,Men,US 10,Grey,Mesh,$100.00 ,42,$149.99,Naples
670,Vans,Slip-On,Skate,Women,US 8.5,Checkered,Canvas,$50.00 ,96,$209.99,Catania
671,New Balance,327,Casual,Men,US 9,Navy/Red,Suede/Nylon,$100.00 ,89,$259.99,Turin
672,Asics,Gel-Quantum 360 6,Running,Women,US 8.5,Pink,Mesh,$150.00 ,7,$159.99,Turin
673,Fila,Mindblower,Fashion,Men,US 11,White/Navy,Synthetic,$75.00 ,3,$89.99,Naples
674,Skechers,Go Run Mojo,Running,Women,US 7.5,Black/Pink,Mesh,$65.00 ,5,$189.99,Bologna
675,Nike,Zoom Fly 3,Running,Men,US 10,Black,Mesh,$160.00 ,94,$199.99,Rome
676,Adidas,Ultra Boost DNA,Running,Women,US 8.5,Grey,Primeknit,$180.00 ,57,$229.99,Bari
677,Reebok,Nano 9,Crossfit,Men,US 9.5,Grey/Black,Mesh,$130.00 ,68,$209.99,Florence
678,Converse,Pro Leather,Skate,Women,US 6,White,Leather,$75.00 ,41,$239.99,Genoa
679,Puma,Clyde All-Pro,Basketball,Men,US 11.5,White/Black,Leather,$130.00 ,76,$179.99,Florence
680,Vans,Sk8-Hi,Skate,Men,US 8.5,Black/White,Suede/Canvas,$70.00 ,29,$269.99,Palermo
681,New Balance,574,Casual,Women,US 7.5,Burgundy,Suede/Leather,$80.00 ,63,$279.99,Turin
682,Asics,Gel-Cumulus 23,Running,Men,US 11.5,Black/Red,Mesh,$120.00 ,33,$229.99,Naples
683,Fila,Original Fitness,Casual,Women,US 8.5,White/Navy,Leather,$65.00 ,63,$189.99,Genoa
684,Skechers,Go Walk 5,Walking,Men,US 9,Charcoal,Mesh,$65.00 ,73,$179.99,Turin
685,Nike,Air Force 1,Casual,Men,US 8.5,White,Leather,$90.00 ,80,$149.99,Genoa
686,Adidas,Yeezy Boost 350,Lifestyle,Men,US 10,Grey,Primeknit,$220.00 ,36,$249.99,Naples
687,Reebok,Nano 9,Crossfit,Women,US 7,Black,Mesh,$130.00 ,57,$279.99,Catania
688,Converse,All Star,Casual,Men,US 9,Red,Canvas,$55.00 ,21,$249.99,Palermo
689,Puma,Clyde Court,Basketball,Men,US 11,Black,Mesh,$120.00 ,37,$229.99,Catania
690,Vans,Sk8-Hi,Skate,Women,US 7.5,Red,Suede,$65.00 ,67,$249.99,Genoa
691,New Balance,327,Lifestyle,Men,US 9,Green,Suede/Mesh,$90.00 ,46,$269.99,Florence
692,Asics,Gel-Kinsei OG,Running,Women,US 8.5,White,Mesh,$180.00 ,91,$199.99,Turin
693,Fila,Mindblower,Fashion,Men,US 10,Blue,Synthetic,$75.00 ,40,$189.99,Catania
694,Skechers,Go Walk 5,Walking,Women,US 8,Grey,Mesh,$60.00 ,76,$239.99,Bologna
695,Nike,Zoom Pegasus 38,Running,Men,US 10,Black,Mesh,$120.00 ,39,$299.99,Bologna
696,Adidas,NMD_R1,Lifestyle,Women,US 7.5,Black/Pink,Primeknit,$140.00 ,54,$289.99,Naples
697,Reebok,Aztrek 96,Casual,Men,US 11,Grey,Synthetic,$90.00 ,7,$199.99,Naples
698,Converse,Pro Leather,Basketball,Women,US 8.5,White,Leather,$85.00 ,25,$249.99,Genoa
699,Puma,RS-X,Lifestyle,Men,US 9,Black,Leather,$110.00 ,77,$179.99,Bari
700,Vans,Era,Skate,Women,US 6.5,Black,Canvas,$50.00 ,4,$209.99,Genoa
701,New Balance,FuelCell Rebel v2,Running,Women,US 9.5,Blue,Mesh,$130.00 ,36,$219.99,Genoa
702,Asics,Gel-Quantum 360 6,Running,Men,US 9,Black/Grey,Mesh,$180.00 ,49,$279.99,Bologna
703,Fila,V94M Low,Fashion,Women,US 7,White/Pink,Leather,$75.00 ,1,$119.99,Bari
704,Skechers,Stamina,Training,Men,US 9,Black,Leather,$65.00 ,72,$169.99,Turin
705,Nike,SB Dunk Low,Skate,Men,US 9.5,Orange,Leather,$100.00 ,63,$219.99,Genoa
706,Nike,Air Force 1,Casual,Men,US 11,White/Black,Leather,$90.00 ,52,$279.99,Naples
707,Adidas,Yeezy Boost 350 V2,Fashion,Women,US 8.5,Cinder,Primeknit,$220.00 ,76,$279.99,Milan
708,Reebok,Zig Kinetica II,Running,Men,US 9.5,Black/White,Mesh/Synthetic,$120.00 ,87,$239.99,Florence
709,Converse,Jack Purcell,Casual,Women,US 7.5,Black/White,Canvas,$65.00 ,93,$249.99,Palermo
710,Puma,Calibrate Runner,Running,Men,US 10,Grey,Mesh,$100.00 ,72,$169.99,Naples
711,Vans,Sk8-Hi,Skate,Women,US 6.5,Blue/White,Suede/Canvas,$70.00 ,34,$239.99,Bologna
712,New Balance,574 Classic,Casual,Men,US 9.5,Black/Yellow,Suede/Mesh,$80.00 ,50,$269.99,Naples
713,Asics,Gel-Kayano Lite,Running,Women,US 8.5,Purple,Mesh/Synthetic,$120.00 ,82,$189.99,Milan
714,Fila,Trailblazer,Fashion,Men,US 10.5,Black/Gold,Leather/Suede,$75.00 ,96,$189.99,Rome
715,Skechers,Uno Bold,Lifestyle,Women,US 7.5,Pink/White,Synthetic,$70.00 ,16,$149.99,Bologna
716,Nike,Air Max 2090,Running,Men,US 11.5,Black/White,Mesh/Synthetic,$150.00 ,93,$179.99,Genoa
717,Adidas,Ultra Boost DNA,Running,Women,US 8,Grey/White,Primeknit,$180.00 ,65,$249.99,Florence
718,Reebok,Classic Leather,Casual,Men,US 12,Navy/White,Leather,$75.00 ,64,$209.99,Bari
719,Converse,Chuck 70,Casual,Women,US 9,Red,Canvas,$85.00 ,33,$209.99,Catania
720,Puma,Suede Classic,Casual,Men,US 9.5,Red/White,Suede,$65.00 ,66,$189.99,Bologna
721,Vans,Era,Skate,Women,US 7,Black/White,Canvas,$55.00 ,75,$189.99,Rome
722,New Balance,FuelCell Rebel v2,Running,Men,US 10.5,Blue/Yellow,Mesh,$100.00 ,25,$159.99,Turin
723,Asics,Gel-Quantum 360 6,Running,Women,US 7.5,White/Grey,Mesh/Synthetic,$180.00 ,50,$249.99,Bologna
724,Fila,Strada,Fashion,Men,US 11,White/Red/Blue,Synthetic,$70.00 ,91,$209.99,Rome
725,Nike,Air Force 1,Casual,Men,US 12,White,Leather,$90.00 ,92,$219.99,Naples
726,Adidas,NMD_R1,Lifestyle,Women,US 7,Pink,Primeknit,$140.00 ,44,$179.99,Rome
727,Reebok,Nano X1,Training,Men,US 11,Black,Flexweave,$130.00 ,94,$139.99,Palermo
728,Converse,Jack Purcell,Casual,Men,US 9,White,Canvas,$65.00 ,57,$99.99,Turin
729,Puma,Clyde All-Pro,Basketball,Men,US 10.5,Black,Leather,$130.00 ,29,$149.99,Palermo
730,Vans,Sk8-Hi,Skate,Women,US 8,Black/White,Suede/Canvas,$65.00 ,97,$279.99,Palermo
731,New Balance,327,Lifestyle,Men,US 9.5,Grey,Suede/Mesh,$90.00 ,12,$289.99,Rome
732,Asics,Gel-Quantum 360 6,Running,Women,US 8.5,Black/Pink,Mesh/Synthetic,$160.00 ,78,$199.99,Palermo
733,Fila,Mindblower,Fashion,Men,US 10,White/Black,Leather/Synthetic,$75.00 ,63,$89.99,Genoa
734,Skechers,Max Cushioning Elite,Running,Women,US 7,Grey/Pink,Mesh,$90.00 ,74,$159.99,Catania
735,Nike,ZoomX Invincible,Running,Men,US 10.5,Blue,Mesh,$180.00 ,44,$199.99,Palermo
736,Adidas,Harden Vol. 5,Basketball,Women,US 8.5,Purple,Synthetic,$130.00 ,88,$149.99,Milan
737,Reebok,Classic Nylon,Casual,Men,US 12,Navy,Nylon,$60.00 ,57,$209.99,Catania
738,Converse,Chuck 70,Casual,Women,US 7,Ivory,Canvas,$85.00 ,75,$249.99,Palermo
739,Puma,Suede Classic+,Casual,Men,US 8.5,Black/White,Suede,$65.00 ,19,$99.99,Florence
740,Vans,Era,Skate,Men,US 9.5,Red,Canvas,$50.00 ,72,$189.99,Bologna
741,New Balance,FuelCell Prism,Running,Women,US 9.5,Black,Mesh,$90.00 ,75,$249.99,Naples
742,Asics,Gel-Excite 8,Running,Men,US 9,Grey/Black,Mesh,$75.00 ,3,$139.99,Rome
743,Fila,Spaghetti,Fashion,Women,US 7,White,Leather/Synthetic,$70.00 ,75,$119.99,Catania
744,Skechers,D'Lites Fresh Start,Walking,Men,US 10.5,Black,Leather,$60.00 ,90,$89.99,Rome
745,Nike,Air Force 1,Casual,Men,US 11,White,Leather,$90.00 ,50,$259.99,Naples
746,Adidas,NMD_R1,Lifestyle,Women,US 8,Black,Primeknit,$140.00 ,57,$259.99,Rome
747,Reebok,Nano 9,Training,Men,US 10.5,Red,Mesh,$130.00 ,42,$239.99,Naples
748,Converse,Jack Purcell,Casual,Women,US 7.5,White,Canvas,$65.00 ,93,$89.99,Bari
749,Puma,Calibrate Runner,Running,Men,US 8.5,Black,Mesh,$90.00 ,25,$289.99,Naples
750,Vans,Sk8-Hi,Skate,Women,US 9,Purple,Suede/Canvas,$65.00 ,59,$79.99,Palermo
751,New Balance,Fresh Foam More v3,Running,Women,US 9,Grey,Mesh,$160.00 ,72,$269.99,Genoa
752,Asics,Gel-Kahana 8,Running,Men,US 9.5,Blue,Mesh,$85.00 ,68,$199.99,Rome
753,Fila,Tracer,Fashion,Women,US 7.5,White,Synthetic,$65.00 ,58,$219.99,Bari
754,Skechers,Summits,Walking,Men,US 12,Black,Mesh,$65.00 ,61,$159.99,Catania
755,Nike,Epic React Flyknit,Running,Women,US 7.5,Grey,Flyknit,$150.00 ,23,$189.99,Catania
756,Adidas,Ultraboost 4.0,Running,Men,US 11,Black,Primeknit,$180.00 ,89,$239.99,Naples
757,Reebok,Legacy Lifter,Weightlifting,Men,US 9,White/Black,Synthetic,$200.00 ,25,$239.99,Bari
758,Converse,All Star Pro BB,Basketball,Women,US 7,Green,Leather,$100.00 ,42,$199.99,Palermo
759,Puma,Cell Venom,Lifestyle,Men,US 10,Grey,Leather,$90.00 ,67,$99.99,Bologna
760,Vans,Slip-On,Casual,Women,US 6.5,Checkerboard,Canvas,$50.00 ,53,$229.99,Rome
761,New Balance,574,Casual,Men,US 12,Burgundy,Suede/Mesh,$80.00 ,45,$209.99,Palermo
762,Asics,Gel-Quantum 360 6,Running,Women,US 8.5,Pink,Mesh,$150.00 ,52,$239.99,Bologna
763,Nike,Air Max 95,Running,Men,US 9,Grey,Leather/Synthetic,$170.00 ,6,$219.99,Bologna
764,Adidas,NMD_R1,Lifestyle,Women,US 7.5,Pink,Primeknit,$140.00 ,39,$179.99,Naples
765,Reebok,Nano X1,Training,Men,US 11,Black,Mesh,$130.00 ,57,$199.99,Florence
766,Converse,Jack Purcell,Casual,Men,US 8,White,Canvas,$65.00 ,11,$259.99,Bologna
767,Puma,Calibrate Rest,Running,Women,US 8.5,Black,Mesh,$100.00 ,82,$169.99,Rome
768,Vans,SK8-Hi,Skate,Men,US 9.5,Red,Suede/Canvas,$70.00 ,20,$279.99,Genoa
769,New Balance,327,Lifestyle,Women,US 6.5,Grey,Suede/Mesh,$100.00 ,39,$259.99,Milan
770,Asics,Gel-Quantum 360 6,Running,Men,US 10.5,Black,Mesh,$180.00 ,94,$209.99,Bologna
771,Fila,Original Fitness,Casual,Women,US 9,White,Leather,$70.00 ,50,$289.99,Bologna
772,Skechers,Max Cushioning,Running,Men,US 10,Blue,Mesh,$90.00 ,13,$149.99,Turin
773,Nike,React Infinity Run Flyknit,Running,Women,US 8,Blue,Flyknit,$160.00 ,66,$189.99,Rome
774,Adidas,Yeezy Boost 350 V2,Lifestyle,Men,US 9,Cream White,Primeknit,$220.00 ,94,$259.99,Florence
775,Reebok,Classic Nylon,Casual,Women,US 7.5,Pink,Nylon,$65.00 ,39,$99.99,Florence
776,Converse,Chuck 70,Casual,Men,US 9,Black,Canvas,$85.00 ,63,$109.99,Florence
777,Puma,Clyde All-Pro,Basketball,Women,US 7.5,White,Leather,$130.00 ,86,$239.99,Turin
778,Vans,Era,Skate,Men,US 10,Black/White,Canvas,$55.00 ,8,$69.99,Naples
779,New Balance,574,Lifestyle,Women,US 8,Grey,Suede/Textile,$80.00 ,50,$139.99,Genoa
780,Asics,Gel-Excite 8,Running,Men,US 9.5,Blue,Mesh,$70.00 ,89,$119.99,Florence
781,Fila,F-13,Fashion,Men,US 11,Black,Leather,$65.00 ,75,$119.99,Bari
782,Skechers,Go Walk 5,Walking,Women,US 6.5,Black,Mesh,$60.00 ,29,$99.99,Palermo
783,Nike,Air Force 1,Casual,Men,US 8.5,White,Leather,$90.00 ,26,$129.99,Bologna
784,Nike,Air Force 1,Casual,Men,US 9,White,Leather,$90.00 ,94,$229.99,Naples
785,Adidas,NMD_R1,Casual,Women,US 7,Black,Primeknit,$130.00 ,34,$269.99,Rome
786,Reebok,Zig Kinetica II,Running,Men,US 10,White,Mesh,$120.00 ,81,$139.99,Genoa
787,Converse,Jack Purcell,Casual,Women,US 8.5,Navy,Canvas,$75.00 ,40,$159.99,Naples
788,Puma,Calibrate Runner,Running,Men,US 9.5,Black,Mesh,$90.00 ,92,$119.99,Genoa
789,Vans,Sk8-Hi,Skate,Men,US 8.5,Black/White,Suede/Canvas,$70.00 ,80,$119.99,Bologna
790,New Balance,FuelCell Rebel v2,Running,Women,US 8.5,Black/Pink,Mesh,$130.00 ,95,$229.99,Bari
791,Asics,Gel-Quantum 90,Running,Men,US 11,Grey,Mesh,$80.00 ,81,$139.99,Catania
792,Fila,Mindblower,Fashion,Women,US 7,White,Synthetic,$75.00 ,4,$289.99,Bologna
793,Skechers,GOwalk 5,Walking,Men,US 9,Black,Mesh,$65.00 ,64,$229.99,Florence
794,Nike,Zoom Pegasus 38,Running,Women,US 8.5,Blue,Mesh,$120.00 ,46,$239.99,Palermo
795,Adidas,Yeezy Boost 350 V2,Casual,Men,US 11,Cream White,Primeknit,$220.00 ,69,$299.99,Genoa
796,Reebok,Classic Nylon,Casual,Women,US 7.5,Pink,Nylon,$65.00 ,35,$89.99,Bologna
797,Converse,Chuck 70,Casual,Men,US 9,Red,Canvas,$85.00 ,6,$269.99,Bari
798,Puma,Suede Classic,Fashion,Women,US 6,Black,Suede,$65.00 ,4,$219.99,Naples
799,Vans,Era,Skate,Men,US 8,Grey,Canvas,$50.00 ,43,$199.99,Naples
800,New Balance,Fresh Foam Beacon v3,Running,Women,US 9,Grey,Mesh,$120.00 ,84,$239.99,Bari
801,Asics,Gel-Kayano 27,Running,Men,US 10,Black,Mesh,$160.00 ,11,$259.99,Bologna
802,Fila,Disruptor III,Fashion,Women,US 8.5,White,Synthetic,$75.00 ,75,$289.99,Bari
803,Skechers,Max Cushioning,Running,Men,US 9.5,Blue,Mesh,$90.00 ,82,$259.99,Genoa
804,Nike,Air Max 90,Casual,Women,US 7.5,Green,Leather,$120.00 ,75,$289.99,Palermo
805,Nike,Air Max 97,Running,Men,US 11,Silver,Synthetic/Leather,$170.00 ,46,$269.99,Naples
806,Adidas,Superstar,Casual,Women,US 8.5,White/Black,Leather,$80.00 ,22,$279.99,Naples
807,Reebok,Zig Kinetica II,Running,Men,US 9,Grey,Mesh,$120.00 ,81,$229.99,Bari
808,Converse,Chuck 70,Casual,Men,US 12,Beige,Canvas,$85.00 ,18,$99.99,Rome
809,Puma,Calibrate Runner,Running,Women,US 7.5,Black/White,Mesh,$90.00 ,45,$119.99,Naples
810,Vans,Sk8-Hi,Skate,Men,US 9,Black/White,Suede/Canvas,$70.00 ,73,$89.99,Bari
811,New Balance,574,Casual,Women,US 7.5,Grey,Suede,$80.00 ,91,$289.99,Naples
812,Asics,Gel-Kayano 27,Running,Men,US 12,Black,Mesh,$160.00 ,80,$229.99,Turin
813,Fila,Mindblower,Fashion,Women,US 9.5,Grey/Pink,Synthetic,$75.00 ,74,$99.99,Naples
814,Skechers,Summits - New World,Walking,Men,US 10,Black,Mesh,$59.00 ,12,$79.99,Naples
815,Nike,Air Force 1,Casual,Women,US 8,White,Leather,$90.00 ,66,$279.99,Turin
816,Adidas,Adizero Adios 5,Running,Men,US 10.5,Blue,Mesh,$140.00 ,49,$199.99,Bologna
817,Reebok,Nano 9,Training,Women,US 7,Black/White,Synthetic,$130.00 ,17,$169.99,Genoa
818,Converse,Jack Purcell,Casual,Men,US 8.5,Navy,Canvas,$65.00 ,13,$239.99,Milan
819,Puma,Clyde All-Pro,Basketball,Women,US 7.5,White,Leather,$130.00 ,72,$179.99,Turin
820,Vans,Slip-On,Casual,Men,US 10,Black/White,Canvas,$50.00 ,7,$109.99,Naples
821,New Balance,FuelCell Propel V3,Running,Women,US 8.5,Pink/White,Mesh,$100.00 ,58,$219.99,Bologna
822,Asics,Gel-Quantum 180,Running,Men,US 11.5,Black,Mesh,$120.00 ,39,$239.99,Bologna
823,Fila,Ray Tracer Evo,Fashion,Women,US 8,White,Synthetic,$65.00 ,82,$249.99,Genoa
824,Skechers,GOrun Razor Excess,Running,Men,US 9,Black/Yellow,Mesh,$125.00 ,28,$159.99,Palermo
825,Nike,Zoom Pegasus 38,Running,Women,US 7.5,Pink,Mesh,$120.00 ,19,$269.99,Milan
826,Nike,Blazer Mid '77,Casual,Men,US 10,White/Black,Leather,$100.00 ,96,$199.99,Milan
827,Adidas,NMD_R1,Running,Women,US 7.5,Grey/Pink,Primeknit,$140.00 ,91,$289.99,Milan
828,Reebok,Nano 9,Crossfit,Men,US 11.5,Black,Mesh,$130.00 ,50,$209.99,Catania
829,Converse,Jack Purcell,Casual,Women,US 8.5,White,Canvas,$65.00 ,89,$129.99,Palermo
830,Puma,Calibrate Runner,Running,Men,US 9.5,Black/Yellow,Mesh,$120.00 ,50,$279.99,Florence
831,Vans,SK8-Hi,Skate,Men,US 9,Black/White,Suede/Canvas,$65.00 ,11,$289.99,Florence
832,New Balance,327,Casual,Women,US 7.5,Purple,Suede/Leather,$100.00 ,73,$249.99,Milan
833,Asics,Gel-Cumulus 23,Running,Men,US 10,Blue/Black,Mesh,$120.00 ,11,$279.99,Palermo
834,Fila,F-13,Casual,Women,US 9,White,Leather,$80.00 ,6,$139.99,Turin
835,Skechers,Go Walk 6,Walking,Men,US 10.5,Black/Grey,Mesh,$60.00 ,35,$79.99,Genoa
836,Nike,Air Force 1,Casual,Women,US 8,White,Leather,$90.00 ,82,$209.99,Florence
837,Adidas,Superstar,Casual,Men,US 10,Black/White,Leather,$85.00 ,69,$139.99,Bologna
838,Reebok,Classic Nylon,Casual,Women,US 7,Pink,Nylon,$60.00 ,11,$209.99,Bologna
839,Converse,Chuck 70,Casual,Men,US 11,Grey,Canvas,$85.00 ,70,$229.99,Bologna
840,Puma,Clyde All-Pro,Basketball,Women,US 7.5,White,Leather,$130.00 ,36,$249.99,Palermo
841,Vans,Slip-On,Casual,Men,US 8.5,Black/White,Canvas,$50.00 ,95,$189.99,Genoa
842,New Balance,574,Casual,Women,US 8.5,Navy,Suede/Leather,$80.00 ,98,$189.99,Palermo
843,Asics,GT-2000 9,Running,Men,US 9.5,Black,Mesh,$120.00 ,5,$179.99,Bari
844,Fila,Grant Hill 2,Basketball,Women,US 8,White/Navy,Leather,$95.00 ,87,$239.99,Milan
845,Skechers,Elite Flex,Walking,Men,US 9.5,Grey,Knit,$70.00 ,57,$109.99,Catania
846,Nike,Air Force 1,Casual,Men,US 9,White,Leather,$90.00 ,23,$129.99,Rome
847,Adidas,NMD_R1,Lifestyle,Women,US 7,Grey,Primeknit,$140.00 ,49,$259.99,Palermo
848,Reebok,Nano X1,Training,Men,US 11.5,Black,Mesh,$130.00 ,70,$209.99,Milan
849,Converse,Chuck 70,Casual,Women,US 8.5,Cream,Canvas,$85.00 ,29,$189.99,Turin
850,Puma,Suede Classic,Casual,Men,US 10.5,Black/White,Suede,$65.00 ,99,$209.99,Genoa
851,Vans,Sk8-Hi,Skate,Men,US 8,Black/White,Canvas,$70.00 ,92,$279.99,Palermo
852,New Balance,327,Lifestyle,Women,US 8,White/Grey,Suede/Mesh,$90.00 ,51,$229.99,Bari
853,Asics,Gel-Quantum 90,Running,Men,US 10,Grey,Mesh,$80.00 ,46,$159.99,Naples
854,Fila,Mindblower,Fashion,Women,US 7,Pink,Leather/Synthetic,$75.00 ,60,$289.99,Turin
855,Skechers,Max Cushioning,Walking,Men,US 9.5,Black,Mesh,$80.00 ,25,$239.99,Catania
856,Nike,React Infinity Run Flyknit 2,Running,Women,US 6.5,Pink,Flyknit,$160.00 ,47,$249.99,Milan
857,Adidas,Ultraboost DNA,Running,Men,US 9.5,White,Primeknit,$180.00 ,15,$249.99,Bologna
858,Reebok,Zig Kinetica II,Running,Women,US 8,Blue,Mesh,$120.00 ,89,$199.99,Milan
859,Converse,Jack Purcell,Casual,Men,US 9,White,Canvas,$65.00 ,44,$199.99,Bologna
860,Puma,Calibrate Runner,Running,Women,US 7,Grey,Mesh,$90.00 ,95,$159.99,Bologna
861,Vans,Era,Skate,Men,US 10,Black,Canvas,$50.00 ,36,$139.99,Palermo
862,New Balance,Fresh Foam Hierro v6,Trail Running,Men,US 11.5,Green,Synthetic/Mesh,$135.00 ,88,$169.99,Florence
863,Asics,Gel-Kayano 27,Running,Women,US 8.5,Blue,Mesh,$160.00 ,21,$299.99,Rome
864,Fila,Ray Tracer Evo,Fashion,Men,US 11,Black/White,Synthetic,$75.00 ,40,$269.99,Bari
865,Skechers,Go Run Mojo,Running,Women,US 7.5,Black,Mesh,$60.00 ,24,$179.99,Bologna
866,Nike,Air Force 1,Casual,Men,US 11,White,Leather,$90.00 ,38,$199.99,Rome
867,Adidas,NMD_R1,Running,Women,US 7,Pink,Primeknit,$130.00 ,41,$269.99,Catania
868,Reebok,Nano 9,Training,Men,US 10.5,Black,Mesh,$130.00 ,99,$179.99,Rome
869,Converse,Jack Purcell,Casual,Women,US 8.5,White,Canvas,$65.00 ,13,$89.99,Naples
870,Puma,Clyde All-Pro,Basketball,Men,US 9,Black,Leather,$130.00 ,77,$269.99,Bologna
871,Vans,Sk8-Hi,Skate,Women,US 7.5,Black/White,Suede/Canvas,$70.00 ,16,$79.99,Bari
872,New Balance,327,Casual,Men,US 9,Navy,Suede/Mesh,$100.00 ,25,$259.99,Catania
873,Asics,Gel-Kinsei OG,Running,Women,US 7,White,Mesh,$180.00 ,69,$289.99,Milan
874,Fila,Venom,Fashion,Men,US 11,Grey,Synthetic,$75.00 ,100,$219.99,Naples
875,Skechers,GOrun 7+,Running,Women,US 8,Black/Pink,Mesh,$95.00 ,11,$139.99,Turin
876,Nike,Blazer Mid '77,Casual,Men,US 12,White,Leather,$100.00 ,78,$209.99,Palermo
877,Adidas,Ultraboost DNA,Running,Women,US 6,Blue,Primeknit,$180.00 ,79,$229.99,Florence
878,Reebok,Classic Nylon,Casual,Men,US 9.5,Black,Nylon,$65.00 ,53,$279.99,Palermo
879,Converse,Chuck 70,Casual,Women,US 9,Cream,Canvas,$85.00 ,35,$259.99,Bari
880,Puma,Calibrate Runner,Running,Men,US 10,Black/Yellow,Mesh,$120.00 ,64,$289.99,Turin
881,Vans,Era,Skate,Women,US 6.5,Red,Canvas,$50.00 ,62,$279.99,Rome
882,New Balance,FuelCell Rebel V2,Running,Men,US 11,Black/Yellow,Mesh,$110.00 ,16,$179.99,Naples
883,Asics,Gel-Venture 8,Trail Running,Women,US 8,Grey,Mesh,$70.00 ,57,$259.99,Turin
884,Fila,Original Fitness,Casual,Men,US 10,White,Leather,$70.00 ,45,$109.99,Naples
885,Skechers,Max Cushioning Premier,Walking,Women,US 7,Grey,Mesh,$80.00 ,21,$219.99,Turin
886,Nike,React Infinity Run Flyknit,Running,Men,US 10.5,Blue,Flyknit,$160.00 ,50,$249.99,Genoa
887,Nike,React Infinity Run Flyknit,Running,Women,US 7,Black,Flyknit,$160.00 ,19,$229.99,Genoa
888,Adidas,Superstar,Casual,Men,US 10.5,White/Gold,Leather/Synthetic,$85.00 ,37,$229.99,Genoa
889,Reebok,Nano X1,Training,Women,US 8.5,Pink,Flexweave/Synthetic,$130.00 ,46,$259.99,Bari
890,Converse,Chuck 70,Casual,Men,US 11.5,Yellow,Canvas,$85.00 ,95,$249.99,Bologna
891,Puma,Calibrate Runner,Running,Women,US 9,Grey,Mesh,$80.00 ,57,$239.99,Milan
892,Vans,Sk8-Hi,Skate,Men,US 9,Black/White,Canvas/Suede,$65.00 ,37,$199.99,Genoa
893,New Balance,327,Lifestyle,Women,US 7,Blue,Suede/Mesh,$90.00 ,25,$219.99,Palermo
894,Asics,Gel-Quantum 90,Running,Men,US 9,Black/White,Mesh/Synthetic,$80.00 ,51,$119.99,Naples
895,Fila,Mindblower,Fashion,Women,US 8,Pink,Leather/Synthetic,$70.00 ,4,$189.99,Palermo
896,Skechers,Go Run Mojo,Running,Men,US 8,Black,Mesh,$60.00 ,18,$259.99,Bologna
897,Nike,Air Force 1,Casual,Women,US 8.5,White,Leather,$90.00 ,2,$99.99,Genoa
898,Adidas,NMD_R1,Casual,Men,US 9.5,Black/White,Mesh,$130.00 ,73,$199.99,Rome
899,Reebok,Floatride Energy 3,Running,Women,US 6.5,Black,Mesh,$100.00 ,66,$149.99,Catania
900,Converse,All Star Pro BB,Basketball,Men,US 12,Red,Leather/Synthetic,$120.00 ,52,$139.99,Catania
901,Puma,RS-2K,Lifestyle,Women,US 7.5,White,Leather/Synthetic,$110.00 ,14,$259.99,Bari
902,Vans,Era,Skate,Men,US 8,Navy,Canvas,$50.00 ,53,$159.99,Turin
903,New Balance,FuelCell Rebel v2,Running,Women,US 8.5,Pink,Mesh/Synthetic,$130.00 ,73,$229.99,Turin
904,Asics,Gel-Kayano 27,Running,Men,US 10,Black,Mesh/Synthetic,$160.00 ,97,$269.99,Rome
905,Fila,Trigate,Fashion,Women,US 9,Black,Leather/Synthetic,$65.00 ,64,$199.99,Florence
906,Skechers,Go Walk 6,Walking,Men,US 9.5,Black,Mesh,$60.00 ,73,$99.99,Florence
907,Nike,Air Force 1 '07,Casual,Men,US 11,White,Leather,$90.00 ,41,$159.99,Milan
908,Adidas,NMD_R1,Lifestyle,Women,US 8,Pink/White,Primeknit,$130.00 ,49,$289.99,Bari
909,Reebok,Nano X,Crossfit,Men,US 10.5,Black,Synthetic,$130.00 ,80,$239.99,Palermo
910,Converse,Chuck 70 High Top,Casual,Men,US 9.5,Black/White,Canvas,$85.00 ,20,$279.99,Milan
911,Puma,Calibrate Runner,Running,Women,US 9,Blue/White,Mesh,$90.00 ,50,$199.99,Bologna
912,Vans,Sk8-Hi,Skate,Men,US 10,Black/White,Suede/Canvas,$70.00 ,91,$269.99,Naples
913,New Balance,327,Lifestyle,Women,US 7.5,Green,Suede/Nylon,$90.00 ,23,$139.99,Bologna
914,Asics,Gel-Kayano 27,Running,Men,US 9.5,Grey,Mesh,$160.00 ,4,$289.99,Bologna
915,Fila,Mindblower,Fashion,Women,US 7.5,White/Blue,Leather/Synthetic,$75.00 ,5,$279.99,Catania
916,Skechers,Elite Flex Wasick,Training,Men,US 8,Navy,Mesh,$65.00 ,68,$259.99,Genoa
917,Nike,Air Zoom Pegasus 38,Running,Women,US 6.5,Grey/Pink,Mesh,$120.00 ,26,$259.99,Milan
918,Adidas,Ultraboost DNA,Running,Men,US 11.5,Black/White,Primeknit,$180.00 ,46,$229.99,Florence
919,Reebok,Club C Revenge,Casual,Women,US 8.5,Pink/White,Leather,$80.00 ,13,$179.99,Milan
920,Converse,Jack Purcell,Casual,Men,US 9,Navy,Canvas,$65.00 ,7,$189.99,Bari
921,Puma,Clyde All-Pro,Basketball,Women,US 7,Black/White,Leather,$130.00 ,88,$139.99,Milan
922,Vans,Era,Skate,Men,US 9.5,Red,Canvas,$50.00 ,16,$179.99,Catania
923,New Balance,FuelCell Propel V3,Running,Women,US 8.5,Black,Mesh,$90.00 ,19,$289.99,Naples
924,Asics,Gel-Nimbus Lite 2,Running,Men,US 10,Black,Mesh,$150.00 ,44,$219.99,Palermo
925,Fila,V94M,Fashion,Women,US 8.5,White/Blue,Leather/Synthetic,$75.00 ,62,$119.99,Turin
926,Nike,Air Force 1 '07,Casual,Men,US 11,White,Leather,$90.00 ,11,$199.99,Naples
927,Adidas,NMD_R1,Lifestyle,Women,US 8,Pink/White,Primeknit,$130.00 ,14,$209.99,Palermo
928,Reebok,Nano X,Crossfit,Men,US 10.5,Black,Synthetic,$130.00 ,56,$159.99,Rome
929,Converse,Chuck 70 High Top,Casual,Men,US 9.5,Black/White,Canvas,$85.00 ,60,$179.99,Turin
930,Puma,Calibrate Runner,Running,Women,US 9,Blue/White,Mesh,$90.00 ,52,$229.99,Palermo
931,Vans,Sk8-Hi,Skate,Men,US 10,Black/White,Suede/Canvas,$70.00 ,38,$89.99,Catania
932,New Balance,327,Lifestyle,Women,US 7.5,Green,Suede/Nylon,$90.00 ,14,$99.99,Bologna
933,Asics,Gel-Kayano 27,Running,Men,US 9.5,Grey,Mesh,$160.00 ,35,$199.99,Palermo
934,Fila,Mindblower,Fashion,Women,US 7.5,White/Blue,Leather/Synthetic,$75.00 ,31,$169.99,Milan
935,Skechers,Elite Flex Wasick,Training,Men,US 8,Navy,Mesh,$65.00 ,22,$169.99,Florence
936,Nike,Air Zoom Pegasus 38,Running,Women,US 6.5,Grey/Pink,Mesh,$120.00 ,66,$249.99,Turin
937,Adidas,Ultraboost DNA,Running,Men,US 11.5,Black/White,Primeknit,$180.00 ,77,$189.99,Florence
938,Reebok,Club C Revenge,Casual,Women,US 8.5,Pink/White,Leather,$80.00 ,61,$149.99,Rome
939,Converse,Jack Purcell,Casual,Men,US 9,Navy,Canvas,$65.00 ,76,$159.99,Milan
940,Puma,Clyde All-Pro,Basketball,Women,US 7,Black/White,Leather,$130.00 ,54,$269.99,Catania
941,Vans,Era,Skate,Men,US 9.5,Red,Canvas,$50.00 ,64,$159.99,Catania
942,New Balance,FuelCell Propel V3,Running,Women,US 8.5,Black,Mesh,$90.00 ,56,$179.99,Catania
943,Asics,Gel-Nimbus Lite 2,Running,Men,US 10,Black,Mesh,$150.00 ,82,$219.99,Naples
944,Fila,V94M,Fashion,Women,US 8.5,White/Blue,Leather/Synthetic,$75.00 ,41,$199.99,Genoa
945,Nike,Air Force 1,Casual,Men,US 11,White,Leather,$90.00 ,19,$219.99,Florence
946,Adidas,NMD_R1,Lifestyle,Women,US 7.5,Pink,Primeknit,$130.00 ,3,$149.99,Bari
947,Reebok,Nano X1,Crossfit,Men,US 9.5,Grey,Knit,$130.00 ,38,$209.99,Genoa
948,Converse,Chuck 70,Casual,Women,US 9.5,Black,Canvas,$85.00 ,44,$259.99,Bari
949,Puma,Calibrate,Running,Men,US 10,Grey,Mesh,$120.00 ,1,$229.99,Florence
950,Vans,SK8-Hi,Skate,Men,US 8,Red/White,Suede/Canvas,$70.00 ,10,$289.99,Turin
951,New Balance,327,Lifestyle,Women,US 6.5,Purple,Suede/Mesh,$100.00 ,70,$219.99,Catania
952,Asics,Gel-Quantum 180,Running,Men,US 11.5,Black,Mesh,$120.00 ,3,$139.99,Bari
953,Fila,Trailblazer,Fashion,Women,US 8,Brown,Leather,$75.00 ,26,$229.99,Palermo
954,Skechers,Max Cushioning,Running,Women,US 7.5,Navy,Mesh,$90.00 ,76,$129.99,Genoa
955,Nike,Air Zoom Pegasus 38,Running,Men,US 9.5,Blue,Mesh,$120.00 ,76,$249.99,Bari
956,Adidas,Superstar,Casual,Women,US 8.5,White/Black,Leather,$85.00 ,21,$179.99,Bologna
957,Reebok,Classic Nylon,Casual,Men,US 10,Grey,Nylon,$65.00 ,58,$199.99,Naples
958,Converse,Jack Purcell,Casual,Men,US 9.5,White,Canvas,$65.00 ,33,$279.99,Bologna
959,Puma,RS-2K,Lifestyle,Women,US 7.5,Black,Mesh/Suede,$110.00 ,37,$279.99,Turin
960,Vans,Slip-On,Skate,Men,US 9,Black/White,Canvas,$50.00 ,76,$99.99,Florence
961,New Balance,FuelCell Rebel v2,Running,Women,US 9,Green/Black,Mesh,$130.00 ,78,$169.99,Florence
962,Asics,Gel-Kayano Lite,Running,Men,US 9,Grey,Mesh,$160.00 ,17,$259.99,Palermo
963,Fila,Mindblower,Fashion,Women,US 7.5,White,Leather,$75.00 ,90,$129.99,Palermo
964,Skechers,D'Lites,Walking,Men,US 11,White,Leather,$65.00 ,17,$209.99,Genoa
965,Nike,Air Max 97,Running,Women,US 8,Silver,Leather/Synthetic,$170.00 ,57,$219.99,Milan
966,Nike,Air Force 1,Lifestyle,Men,US 11,White,Leather,$90.00 ,18,$279.99,Palermo
967,Adidas,Yeezy Boost 350,Lifestyle,Women,US 8.5,Clay Brown,Primeknit,$220.00 ,49,$259.99,Rome
968,Reebok,Nano X,Training,Men,US 9.5,Black/Red,Synthetic/Mesh,$130.00 ,74,$249.99,Catania
969,Converse,Chuck 70,Casual,Women,US 7,Natural Ivory,Canvas,$85.00 ,50,$169.99,Turin
970,Puma,Cali Sport,Lifestyle,Men,US 10,Black/White,Leather/Synthetic,$80.00 ,87,$209.99,Bologna
971,Vans,Sk8-Hi,Skate,Women,US 9,Red/White,Suede/Canvas,$70.00 ,14,$269.99,Naples
972,New Balance,FuelCell Rebel v2,Running,Men,US 8.5,Blue/Orange,Mesh,$130.00 ,15,$239.99,Palermo
973,Asics,Gel-Cumulus 23,Running,Women,US 7.5,White/Black,Mesh,$120.00 ,59,$209.99,Bologna
974,Fila,D-Formation,Fashion,Men,US 11,White/Navy,Leather/Synthetic,$65.00 ,55,$209.99,Milan
975,Skechers,Max Cushioning Premier,Running,Women,US 6.5,Black/White,Mesh,$90.00 ,5,$229.99,Bari
976,Nike,Air Zoom Pegasus 38,Running,Men,US 12,Black,Mesh,$120.00 ,27,$209.99,Rome
977,Adidas,Superstar,Casual,Women,US 7.5,Cloud White,Leather,$80.00 ,81,$99.99,Naples
978,Reebok,Classic Nylon,Casual,Men,US 10.5,Collegiate Navy,Nylon/Suede,$65.00 ,23,$289.99,Naples
979,Converse,Jack Purcell,Casual,Women,US 8,Black/White,Canvas,$65.00 ,51,$119.99,Rome
980,Puma,Suede Classic,Lifestyle,Men,US 8.5,Black/White,Suede,$65.00 ,5,$259.99,Milan
981,Vans,Era,Skate,Women,US 6,Black/White,Canvas,$50.00 ,82,$99.99,Florence
982,New Balance,Fresh Foam Hierro v6,Trail,Men,US 10,Black/Red,Mesh/Synthetic,$135.00 ,19,$249.99,Turin
983,Asics,Gel-Excite 8,Running,Women,US 9,Black,Mesh,$75.00 ,28,$129.99,Milan
984,Fila,Mindblower,Fashion,Men,US 12,White/Navy/Red,Synthetic/Leather,$65.00 ,66,$139.99,Florence
985,Nike,Air Force 1,Casual,Men,US 9,White,Leather,$90.00 ,22,$159.99,Catania
986,Adidas,NMD_R1,Lifestyle,Women,US 8,Black,Primeknit,$140.00 ,70,$299.99,Palermo
987,Reebok,Nano X,Crossfit,Men,US 10.5,Black,Mesh,$130.00 ,44,$219.99,Naples
988,Converse,Jack Purcell,Casual,Men,US 8.5,White,Canvas,$70.00 ,49,$289.99,Bologna
989,Puma,Calibrate Runner,Running,Women,US 7,Grey,Mesh,$80.00 ,36,$179.99,Florence
990,Vans,Sk8-Hi,Skate,Men,US 10.5,Black/White,Canvas/Suede,$70.00 ,74,$219.99,Catania
991,New Balance,FuelCell Rebel v2,Running,Women,US 9,White/Green,Mesh,$130.00 ,15,$209.99,Bari
992,Asics,Gel-Quantum 360 6,Running,Men,US 9.5,Blue,Mesh,$150.00 ,9,$259.99,Catania
993,Fila,Mindblower,Fashion,Women,US 8.5,Pink,Leather,$80.00 ,62,$229.99,Florence
994,Skechers,Go Walk 5,Walking,Men,US 11,Black,Mesh,$65.00 ,97,$149.99,Turin
995,Nike,React Infinity Run Flyknit 2,Running,Women,US 8.5,Pink,Flyknit,$160.00 ,8,$249.99,Florence
996,Adidas,Ultraboost DNA,Running,Men,US 8.5,White,Primeknit,$180.00 ,68,$239.99,Bari
997,Reebok,Aztrek 96,Casual,Women,US 7.5,Yellow,Leather/Synthetic,$90.00 ,51,$209.99,Catania
998,Converse,Chuck 70,Casual,Men,US 7,Red,Canvas,$85.00 ,70,$189.99,Turin
999,Puma,Mirage Sport,Lifestyle,Women,US 6,Pink,Leather,$90.00 ,50,$159.99,Genoa
1000,Vans,Era,Skate,Men,US 9.5,Black/White,Canvas,$50.00 ,1,$99.99,Naples
1001,New Balance,Fresh Foam 880v11,Running,Women,US 10,Grey,Mesh,$130.00 ,74,$289.99,Genoa
1002,Asics,Gel-Kayano Lite,Running,Men,US 9.5,Black,Mesh,$160.00 ,34,$249.99,Florence
1003,Fila,Venom 94,Fashion,Women,US 7.5,White,Leather,$70.00 ,29,$209.99,Palermo
1004,Skechers,Summits,Training,Men,US 8,Grey,Mesh,$55.00 ,58,$109.99,Florence
1005,Nike,Air Max 97,Running,Women,US 7.5,Silver,Leather,$170.00 ,89,$289.99,Milan
